     1                                  bits 64
     2                                  default rel
     3                                  
     4                                  
     5                                  ; Definicion de caracteres 
     6                                  	sys_read: equ 0	
     7                                  	sys_write:	equ 1
     8                                  	sys_nanosleep:	equ 35
     9                                  	sys_nanosleep2:	equ 200
    10                                  	sys_time:	equ 201
    11                                  	sys_fcntl:	equ 72
    12                                  
    13                                  	char_equal: equ 61 
    14                                  	char_aster: equ 42
    15                                  	char_may: equ 62  
    16                                  	char_men: equ 60 
    17                                  	char_dosp: equ 58
    18                                  	char_comillas: equ 71 ;Letra que identifica al Jugador 1 green
    19                                  	char_comilla: equ 39 
    20                                  	char_space: equ 32 
    21                                  	left_direction: equ -1
    22                                  	right_direction: equ 1
    23                                  	up_direction: equ 2
    24                                  	down_direction: equ 3
    25                                  	char_bot1: equ 66 ; Letra que identifica al bot1 blue
    26                                  	char_bot2: equ 89 ; Letra que identifica al bot1 yellow
    27                                  	char_bot3: equ 80 ; Letra que identifica al bot1 purple
    28                                  	char_player2: equ 82 ; Letra que identifica al Jugador 2 red
    29                                  
    30                                  
    31                                  
    32                                  STDIN_FILENO: equ 0			;Se utiliza en llamadas al sistema que requieren un descriptor de archivo, por ejemplo, al leer de la entrada estándar
    33                                  
    34                                  F_SETFL:	equ 0x0004		;Se pasa como segundo argumento a la llamada al sistema fcntl para indicar que queremos cambiar los flags del descriptor de archivo.
    35                                  O_NONBLOCK: equ 0x0004		;Se utiliza como tercer argumento en la llamada al sistema fcntl para indicar que el descriptor de archivo debe operar en modo no bloqueante.
    36                                  
    37                                  ;definicion de pantalla en limpio
    38                                  	row_cells:	equ 24	;Numero de filas que caben en la pantalla
    39                                  	column_cells: 	equ 110 ; set to any (reasonable) value you wish
    40                                  	array_length:	equ row_cells * column_cells + row_cells ;(+ 32 caracteres de nueva línea)
    41                                  
    42                                  ;sleep time
    43                                  timespec:
    44 00000000 0000000000000000            tv_sec  dq 0
    45 00000008 002D310100000000            tv_nsec dq 20000000		;0.02 s
    46                                  
    47                                  timespec2:
    48 00000010 0000000000000000            tv_sec2  dq 0
    49 00000018 00204AA9D1010000            tv_nsec2 dq 2000000000000		;0.02 s
    50                                  
    51                                  ;limpieza de la pantalla
    52 00000020 1B5B324A1B5B48          clear:		db 27, "[2J", 27, "[H"	;2J: Esta es una secuencia de escape ANSI que indica Clear screen
    53                                  clear_length:	equ $-clear			;H: Indica reposicionamiento del cursor.
    54                                  
    55                                  ; Texto mostrado en la pantalla de inicio
    56                                  	
    57 00000027 202020202020202020-     	msg13: db "               ", 0xA, 0xD
    57 00000030 2020202020200A0D   
    58 00000038 202020202009090909-     	msg1: db "     					   TECNOLOGICO DE COSTA RICA        ", 0xA, 0xD
    58 00000041 092020205445434E4F-
    58 0000004A 4C4F4749434F204445-
    58 00000053 20434F535441205249-
    58 0000005C 434120202020202020-
    58 00000065 200A0D             
    59 00000068 202020202020202020-     	msg14: db "               ", 0xA, 0xD
    59 00000071 2020202020200A0D   
    60 00000079 202020202020202020-     	msg17: db "               ", 0xA, 0xD
    60 00000082 2020202020200A0D   
    61 0000008A 202020202020202020-     	msg18: db "               ", 0xA, 0xD
    61 00000093 2020202020200A0D   
    62 0000009B 09090909090956616C-     	msg2: db "						Valerin Calderon       ", 0xA, 0xD
    62 000000A4 6572696E2043616C64-
    62 000000AD 65726F6E2020202020-
    62 000000B6 20200A0D           
    63 000000BA 09090909090959656E-     	msg5: db "						Yendry Badilla         ", 0xA, 0xD
    63 000000C3 64727920426164696C-
    63 000000CC 6C6120202020202020-
    63 000000D5 20200A0D           
    64 000000D9 090909090909416E64-     	msg15: db "						Andrés Molina          ", 0xA, 0xD
    64 000000E2 72C3A973204D6F6C69-
    64 000000EB 6E6120202020202020-
    64 000000F4 2020200A0D         
    65 000000F9 202020202020202020-     	msg6: db "               ", 0xA, 0xD
    65 00000102 2020202020200A0D   
    66 0000010A 202020202020202020-     	msg7: db "               ", 0xA, 0xD
    66 00000113 2020202020200A0D   
    67 0000011B 202020202020202020-     	msg8: db "               ", 0xA, 0xD
    67 00000124 2020202020200A0D   
    68 0000012C 202020202020202020-     	msg9: db "               ", 0xA, 0xD
    68 00000135 2020202020200A0D   
    69 0000013D 202020202020202020-     	msg16: db "               ", 0xA, 0xD 
    69 00000146 2020202020200A0D   
    70 0000014E 090909090909475241-     	msg3: db "						GRAN TRAK TEC        ", 0xA, 0xD
    70 00000157 4E205452414B205445-
    70 00000160 432020202020202020-
    70 00000169 0A0D               
    71                                  
    72 0000016B 202020202020202020-     	msg19: db "               ", 0xA, 0xD
    72 00000174 2020202020200A0D   
    73 0000017C 202020202020202020-     	msg20: db "               ", 0xA, 0xD
    73 00000185 2020202020200A0D   
    74 0000018D 202020202020202020-     	msg21: db "               ", 0xA, 0xD
    74 00000196 2020202020200A0D   
    75 0000019E 202020202020202020-     	msg22: db "               ", 0xA, 0xD
    75 000001A7 2020202020200A0D   
    76 000001AF 202020202020202020-     	msg23: db "               ", 0xA, 0xD 
    76 000001B8 2020202020200A0D   
    77 000001C0 202020202020202020-     	msg24: db "               ", 0xA, 0xD
    77 000001C9 2020202020200A0D   
    78 000001D1 202020202020202020-     	msg25: db "               ", 0xA, 0xD
    78 000001DA 2020202020200A0D   
    79 000001E2 202020202020202020-     	msg26: db "               ", 0xA, 0xD 
    79 000001EB 2020202020200A0D   
    80 000001F3 202020202020090909-     	msg4: db "      					   PRESIONE ENTER PARA INICIAR        ", 0xA, 0xD
    80 000001FC 090920202050524553-
    80 00000205 494F4E4520454E5445-
    80 0000020E 52205041524120494E-
    80 00000217 494349415220202020-
    80 00000220 202020200A0D       
    81                                  	msg1_length:	equ $-msg1
    82                                  	msg2_length:	equ $-msg2
    83                                  	msg3_length:	equ $-msg3
    84                                  	msg4_length:	equ $-msg4
    85                                  	msg5_length:	equ $-msg5
    86                                  	msg13_length:	equ $-msg13
    87                                  	msg14_length:	equ $-msg14
    88                                  	msg15_length:	equ $-msg15
    89                                  	msg16_length:	equ $-msg16
    90                                  	msg17_length:	equ $-msg17 
    91                                  	msg6_length:	equ $-msg6 
    92                                  	msg7_length:	equ $-msg7 
    93                                  	msg8_length:	equ $-msg8 
    94                                  	msg9_length:	equ $-msg9 
    95                                  	msg18_length:	equ $-msg18
    96                                  	msg19_length:	equ $-msg19
    97                                  	msg20_length:	equ $-msg20
    98                                  	msg21_length:	equ $-msg21
    99                                  	msg22_length:	equ $-msg22
   100                                  	msg23_length:	equ $-msg23
   101                                  	msg24_length:	equ $-msg24
   102                                  	msg25_length:	equ $-msg25
   103                                  	msg26_length:	equ $-msg26
   104                                  
   105 00000226 456C206A7565676F20-     	game_over_msg db "El juego ha finalizado", 0xA, 0xD
   105 0000022F 68612066696E616C69-
   105 00000238 7A61646F0A0D       
   106                                  	game_over_msg_length equ $-game_over_msg
   107                                  
   108                                  	; Usefull macros (Como funciones reutilizables)
   109                                   
   110                                  	%macro setnonblocking 0		;Configura la entrada estándar para que funcione en modo no bloqueante
   111                                  		mov rax, sys_fcntl
   112                                  		mov rdi, STDIN_FILENO
   113                                  		mov rsi, F_SETFL
   114                                  		mov rdx, O_NONBLOCK
   115                                  		syscall
   116                                  	%endmacro
   117                                  
   118                                  	%macro unsetnonblocking 0	;Restablece la entrada estándar al modo bloqueante
   119                                  		mov rax, sys_fcntl
   120                                  		mov rdi, STDIN_FILENO
   121                                  		mov rsi, F_SETFL
   122                                  		mov rdx, 0
   123                                  		syscall
   124                                  	%endmacro
   125                                  
   126                                  	%macro full_line 0			;Linea completa de X
   127                                  		times column_cells db "X"
   128                                  		db 0x0a, 0xD
   129                                  	%endmacro
   130                                  
   131                                  	;Esta parte es para la creacion de la pista
   132                                  
   133                                  	%macro up_down_pista 0			;Parte de arriba de la pista
   134                                  		db "X"
   135                                  		times 9 db " "
   136                                  		times 90 db "O"
   137                                  		times 9 db " "
   138                                  		db "X"
   139                                  		db 0x0a, 0xD
   140                                  	%endmacro
   141                                  
   142                                  	%macro right_pista1 0		;Crea una línea con 'X' en los extremos y espacios en el medio, seguida de una nueva línea
   143                                  		db "X"
   144                                  		times 9 db " "
   145                                  		db "O"
   146                                  		times 88 db " "
   147                                  		db "O"
   148                                  		times 9 db " "
   149                                  		db "X", 0x0a, 0xD
   150                                  	%endmacro
   151                                  
   152                                  	%macro right_pista2 0		;Crea una línea con 'X' en los extremos y espacios en el medio, seguida de una nueva línea
   153                                  		db "X"
   154                                  		times 9 db " "
   155                                  		db "O"
   156                                  		times 70 db " "
   157                                  		times 19 db "O"
   158                                  		times 9 db " "
   159                                  		db "X", 0x0a, 0xD
   160                                  	%endmacro
   161                                  
   162                                  	%macro right_pista3 0		;Crea una línea con 'X' en los extremos y espacios en el medio, seguida de una nueva línea
   163                                  		db "X"
   164                                  		times 9 db " "
   165                                  		db "O"
   166                                  		times 70 db " "
   167                                  		db "O"
   168                                  		times 27 db " "
   169                                  		db "X", 0x0a, 0xD
   170                                  	%endmacro
   171                                  
   172                                  	%macro right_pista4 0		;Crea una línea con 'X' en los extremos y espacios en el medio, seguida de una nueva línea
   173                                  		db "X"
   174                                  		times 9 db " "
   175                                  		db "O"
   176                                  		times 70 db " "
   177                                  		db "O"
   178                                  		times 4 db " "
   179                                  		times 23 db "O"
   180                                  		db "X", 0x0a, 0xD
   181                                  	%endmacro
   182                                  
   183                                  	; Fin de la creacion de la pista
   184                                  
   185                                  	%macro marcador_j1 0			;Crea una línea completa de 'O' seguida de una nueva línea marcadores
   186                                  		db "X PLAYER 1 TURNS: "
   187                                  		times 60 db " "
   188                                  		db "Time:"
   189                                  		times 26 db " "
   190                                  		db "X"
   191                                  		db 0x0a, 0xD
   192                                  	%endmacro
   193                                  
   194                                  	%macro marcador_j2 0			;Crea una línea completa de 'O' seguida de una nueva línea
   195                                  		db "X PLAYER 2 TURNS: "
   196                                  		times 91 db " "
   197                                  		db "X"
   198                                  		db 0x0a, 0xD
   199                                  	%endmacro
   200                                  
   201                                  	%macro hollow_line 0		;Crea una línea con 'X' en los extremos y espacios en el medio, seguida de una nueva línea
   202                                  		db "X"
   203                                  		times column_cells-2 db char_space	;A 80 le resta las 2 X de los extremos e imprime 78 espacios
   204                                  		db "X", 0x0a, 0xD
   205                                  	%endmacro
   206                                  
   207                                  	%macro print 2				;Imprime una cadena especificada en la salida estándar
   208                                  		mov eax, sys_write
   209                                  		mov edi, 1 	; stdout
   210                                  		mov rsi, %1				;Parametro 1 que se pasa en donde se llama al macro
   211                                  		mov edx, %2				;Parametro 2
   212                                  		syscall
   213                                  	%endmacro
   214                                  
   215                                  	;Esta es la funcion que obtiene lo que uno ingrese
   216                                  	%macro getchar 0			;Lee un solo carácter de la entrada estándar y lo almacena en input_char
   217                                  		mov     rax, sys_read
   218                                  		mov     rdi, STDIN_FILENO
   219                                  		mov     rsi, input_char
   220                                  		mov     rdx, 1 ; number of bytes
   221                                  		syscall         ;read text input from keyboard
   222                                  	%endmacro
   223                                  
   224                                  	%macro sleeptime 0			;Suspende la ejecución del programa durante el tiempo especificado
   225                                  		mov eax, sys_nanosleep
   226                                  		mov rdi, timespec
   227                                  		xor esi, esi		; ignore remaining time in case of call interruption
   228                                  		syscall			; sleep for tv_sec seconds + tv_nsec nanoseconds
   229                                  	%endmacro
   230                                  
   231                                  global _start
   232                                  
   233                                  section .bss
   234                                  
   235 00000000 ??????????              	buffer resb 5  ; Buffer para almacenar los dígitos convertidos
   236                                  
   237 00000005 ????????????????        	input_char resq 1 
   238                                  
   239 0000000D ??                      	temp_char resb 1
   240 0000000E ??                      	random_value resb 1 ; Número random obtenido (renombrado para evitar conflicto)
   241 0000000F ??                      	random2_value resb 1 ; Número random adicional (renombrado para evitar conflicto)
   242 00000010 ????????????????        	start_time resq 1  ; Variable para almacenar el tiempo inicial
   243 00000018 ????????????????        	current_time resq 1 ; Variable para almacenar el tiempo actual
   244                                  
   245                                  	; Bots
   246 00000020 ??                      	bot_random resb 1 ; Número random obtenido para el bot (renombrado)
   247 00000021 ????????????????         	random_result resq 1
   248 00000029 ????????????????          	bot_speed resq 1
   249 00000031 ????????????????          	bot_counter resq 1
   250 00000039 ????????????????        	bot_direction resq 1  ; Variable para almacenar la direccion actual del bot
   251 00000041 ??                      	bot_first_move resb 1  ; Variable para rastrear si el bot ya realizó su primer movimiento (0 = no, 1 = sí)
   252 00000042 ??                      	bot_path_state resb 1  ; Estado actual en la ruta predefinida (0-7)
   253                                  
   254                                  		; Variables para bot2
   255                                  	
   256 00000043 ????????????????        	bot2_direction resq 1  ; Dirección actual de bot2
   257 0000004B ??                      	bot2_first_move resb 1  ; Si ya realizó su primer movimiento (0 = no, 1 = sí)
   258 0000004C ????????????????        	bot2_counter resq 1  ; Contador para bot2
   259 00000054 ??                      	bot2_path_state resb 1  ; Estado actual en la ruta predefinida (0-7)
   260                                  	
   261                                  	; Variables para bot3
   262                                  	
   263 00000055 ????????????????        	bot3_direction resq 1  ; Dirección actual de bot3
   264 0000005D ??                      	bot3_first_move resb 1  ; Si ya realizó su primer movimiento (0 = no, 1 = sí)
   265 0000005E ????????????????        	bot3_counter resq 1  ; Contador para bot3
   266 00000066 ??                      	bot3_path_state resb 1  ; Estado actual en la ruta predefinida (0-7)
   267                                  	
   268                                  
   269                                  section .data 
   270                                  
   271                                  
   272 00000000 2F6465762F7572616E-     	urandom db '/dev/urandom', 0
   272 00000009 646F6D00           
   273 0000000D 0A00                    	newline db 10, 0
   274                                  
   275 0000000F 0000000000000000        	score dq 0
   276 00000017 [A704000000000000]      	score_position dq board + 19 + 10* (column_cells + 2)
   277                                  
   278 0000001F 5469656D706F207265-     		time_msg db "Tiempo restante: ", 0
   278 00000028 7374616E74653A2000 
   279                                  		time_msg_length equ $-time_msg
   280 00000031 303000                  		time_buffer db "00", 0  ; Buffer para mostrar los segundos restantes como texto
   281                                  		time_buffer_length equ $-time_buffer
   282                                  
   283                                  	board:
   284                                  		full_line
   127 00000034 58<rep 6Eh>         <1>  times column_cells db "X"
   128 000000A2 0A0D                <1>  db 0x0a, 0xD
   285                                  		marcador_j1
   186 000000A4 5820504C4159455220- <1>  db "X PLAYER 1 TURNS: "
   186 000000AD 31205455524E533A20  <1>
   187 000000B6 20<rep 3Ch>         <1>  times 60 db " "
   188 000000F2 54696D653A          <1>  db "Time:"
   189 000000F7 20<rep 1Ah>         <1>  times 26 db " "
   190 00000111 58                  <1>  db "X"
   191 00000112 0A0D                <1>  db 0x0a, 0xD
   286                                  		marcador_j2 
   195 00000114 5820504C4159455220- <1>  db "X PLAYER 2 TURNS: "
   195 0000011D 32205455524E533A20  <1>
   196 00000126 20<rep 5Bh>         <1>  times 91 db " "
   197 00000181 58                  <1>  db "X"
   198 00000182 0A0D                <1>  db 0x0a, 0xD
   287                                  		full_line
   127 00000184 58<rep 6Eh>         <1>  times column_cells db "X"
   128 000001F2 0A0D                <1>  db 0x0a, 0xD
   288                                          %rep 3  ; 3 = linea superior+linea inferior+linea de comandos 
   289                                          hollow_line
   290                                          %endrep 
   289                              <1>  hollow_line
   202 000001F4 58                  <2>  db "X"
   203 000001F5 20<rep 6Ch>         <2>  times column_cells-2 db char_space
   204 00000261 580A0D              <2>  db "X", 0x0a, 0xD
   289                              <1>  hollow_line
   202 00000264 58                  <2>  db "X"
   203 00000265 20<rep 6Ch>         <2>  times column_cells-2 db char_space
   204 000002D1 580A0D              <2>  db "X", 0x0a, 0xD
   289                              <1>  hollow_line
   202 000002D4 58                  <2>  db "X"
   203 000002D5 20<rep 6Ch>         <2>  times column_cells-2 db char_space
   204 00000341 580A0D              <2>  db "X", 0x0a, 0xD
   291                                  
   292                                  		up_down_pista
   134 00000344 58                  <1>  db "X"
   135 00000345 20<rep 9h>          <1>  times 9 db " "
   136 0000034E 4F<rep 5Ah>         <1>  times 90 db "O"
   137 000003A8 20<rep 9h>          <1>  times 9 db " "
   138 000003B1 58                  <1>  db "X"
   139 000003B2 0A0D                <1>  db 0x0a, 0xD
   293                                  
   294                                  
   295                                          right_pista2
   153 000003B4 58                  <1>  db "X"
   154 000003B5 20<rep 9h>          <1>  times 9 db " "
   155 000003BE 4F                  <1>  db "O"
   156 000003BF 20<rep 46h>         <1>  times 70 db " "
   157 00000405 4F<rep 13h>         <1>  times 19 db "O"
   158 00000418 20<rep 9h>          <1>  times 9 db " "
   159 00000421 580A0D              <1>  db "X", 0x0a, 0xD
   296                                  
   297                                         %rep 2  ; 3 = linea superior+linea inferior+linea de comandos 
   298                                          right_pista3
   299                                          %endrep
   298                              <1>  right_pista3
   163 00000424 58                  <2>  db "X"
   164 00000425 20<rep 9h>          <2>  times 9 db " "
   165 0000042E 4F                  <2>  db "O"
   166 0000042F 20<rep 46h>         <2>  times 70 db " "
   167 00000475 4F                  <2>  db "O"
   168 00000476 20<rep 1Bh>         <2>  times 27 db " "
   169 00000491 580A0D              <2>  db "X", 0x0a, 0xD
   298                              <1>  right_pista3
   163 00000494 58                  <2>  db "X"
   164 00000495 20<rep 9h>          <2>  times 9 db " "
   165 0000049E 4F                  <2>  db "O"
   166 0000049F 20<rep 46h>         <2>  times 70 db " "
   167 000004E5 4F                  <2>  db "O"
   168 000004E6 20<rep 1Bh>         <2>  times 27 db " "
   169 00000501 580A0D              <2>  db "X", 0x0a, 0xD
   300                                  
   301                                  		right_pista4
   173 00000504 58                  <1>  db "X"
   174 00000505 20<rep 9h>          <1>  times 9 db " "
   175 0000050E 4F                  <1>  db "O"
   176 0000050F 20<rep 46h>         <1>  times 70 db " "
   177 00000555 4F                  <1>  db "O"
   178 00000556 20<rep 4h>          <1>  times 4 db " "
   179 0000055A 4F<rep 17h>         <1>  times 23 db "O"
   180 00000571 580A0D              <1>  db "X", 0x0a, 0xD
   302                                  		right_pista4
   173 00000574 58                  <1>  db "X"
   174 00000575 20<rep 9h>          <1>  times 9 db " "
   175 0000057E 4F                  <1>  db "O"
   176 0000057F 20<rep 46h>         <1>  times 70 db " "
   177 000005C5 4F                  <1>  db "O"
   178 000005C6 20<rep 4h>          <1>  times 4 db " "
   179 000005CA 4F<rep 17h>         <1>  times 23 db "O"
   180 000005E1 580A0D              <1>  db "X", 0x0a, 0xD
   303                                  		right_pista4
   173 000005E4 58                  <1>  db "X"
   174 000005E5 20<rep 9h>          <1>  times 9 db " "
   175 000005EE 4F                  <1>  db "O"
   176 000005EF 20<rep 46h>         <1>  times 70 db " "
   177 00000635 4F                  <1>  db "O"
   178 00000636 20<rep 4h>          <1>  times 4 db " "
   179 0000063A 4F<rep 17h>         <1>  times 23 db "O"
   180 00000651 580A0D              <1>  db "X", 0x0a, 0xD
   304                                  
   305                                         %rep 2  ; 3 = linea superior+linea inferior+linea de comandos 
   306                                          right_pista3
   307                                          %endrep 
   306                              <1>  right_pista3
   163 00000654 58                  <2>  db "X"
   164 00000655 20<rep 9h>          <2>  times 9 db " "
   165 0000065E 4F                  <2>  db "O"
   166 0000065F 20<rep 46h>         <2>  times 70 db " "
   167 000006A5 4F                  <2>  db "O"
   168 000006A6 20<rep 1Bh>         <2>  times 27 db " "
   169 000006C1 580A0D              <2>  db "X", 0x0a, 0xD
   306                              <1>  right_pista3
   163 000006C4 58                  <2>  db "X"
   164 000006C5 20<rep 9h>          <2>  times 9 db " "
   165 000006CE 4F                  <2>  db "O"
   166 000006CF 20<rep 46h>         <2>  times 70 db " "
   167 00000715 4F                  <2>  db "O"
   168 00000716 20<rep 1Bh>         <2>  times 27 db " "
   169 00000731 580A0D              <2>  db "X", 0x0a, 0xD
   308                                  
   309                                  		right_pista2
   153 00000734 58                  <1>  db "X"
   154 00000735 20<rep 9h>          <1>  times 9 db " "
   155 0000073E 4F                  <1>  db "O"
   156 0000073F 20<rep 46h>         <1>  times 70 db " "
   157 00000785 4F<rep 13h>         <1>  times 19 db "O"
   158 00000798 20<rep 9h>          <1>  times 9 db " "
   159 000007A1 580A0D              <1>  db "X", 0x0a, 0xD
   310                                  
   311                                  
   312                                  		up_down_pista
   134 000007A4 58                  <1>  db "X"
   135 000007A5 20<rep 9h>          <1>  times 9 db " "
   136 000007AE 4F<rep 5Ah>         <1>  times 90 db "O"
   137 00000808 20<rep 9h>          <1>  times 9 db " "
   138 00000811 58                  <1>  db "X"
   139 00000812 0A0D                <1>  db 0x0a, 0xD
   313                                  
   314                                  		%rep 3  ; 3 = linea superior+linea inferior+linea de comandos 
   315                                          hollow_line
   316                                          %endrep
   315                              <1>  hollow_line
   202 00000814 58                  <2>  db "X"
   203 00000815 20<rep 6Ch>         <2>  times column_cells-2 db char_space
   204 00000881 580A0D              <2>  db "X", 0x0a, 0xD
   315                              <1>  hollow_line
   202 00000884 58                  <2>  db "X"
   203 00000885 20<rep 6Ch>         <2>  times column_cells-2 db char_space
   204 000008F1 580A0D              <2>  db "X", 0x0a, 0xD
   315                              <1>  hollow_line
   202 000008F4 58                  <2>  db "X"
   203 000008F5 20<rep 6Ch>         <2>  times column_cells-2 db char_space
   204 00000961 580A0D              <2>  db "X", 0x0a, 0xD
   317                                  
   318                                          full_line
   127 00000964 58<rep 6Eh>         <1>  times column_cells db "X"
   128 000009D2 0A0D                <1>  db 0x0a, 0xD
   319                                  	board_size:   equ   $ - board
   320                                  
   321                                  	; Added for the terminal issue	
   322 000009D4 00<rep 24h>             		termios:        times 36 db 0	;Define una estructura de 36 bytes inicializados a 0. Esta estructura es utilizada para almacenar las configuraciones del terminal
   323                                  		stdin:          equ 0			;Define el descriptor de archivo para la entrada estándar (stdin), que es 0
   324                                  		ICANON:         equ 1<<1		;Canonico la entrada no se envía al programa hasta que el usuario presiona Enter
   325                                  		ECHO:           equ 1<<3		;Bandera que habilita o deshabilita este modo
   326                                  		VTIME: 			equ 5
   327                                  		VMIN:			equ 6
   328                                  		CC_C:			equ 18
   329                                  
   330                                  
   331 000009F8 [E904000000000000]      	pallet_position dq board + 85 + ((column_cells + 2) * 10) ; El 1 es el movimiento horizontal y  en ((column_cells + 2) * 12) el 12 es el movimiento vertical 
   332 00000A00 0300000000000000        	pallet_size dq 3
   333                                  
   334 00000A08 [F304000000000000]      	bot_initial_position dq board + 85 + ((column_cells + 3) * 10)  ;posición inicial
   335 00000A10 [DF04000000000000]      	bot2_initial_position dq board + 85 + ((column_cells + 1) * 10)  ; Posición inicial de bot2
   336 00000A18 [F304000000000000]      	bot_position dq board + 85 + ((column_cells + 3) * 10) ; El 1 es el movimiento horizontal y  en ((column_cells + 2) * 12) el 12 es el movimiento vertical
   337 00000A20 [FD04000000000000]      	bot2_position dq board + 85 + ((column_cells + 4) * 10) ; El 1 es el movimiento horizontal y  en ((column_cells + 2) * 12) el 12 es el movimiento vertical
   338 00000A28 [FD04000000000000]      	bot3_initial_position dq board + 85 + ((column_cells + 4) * 10)  ; Posición inicial de bot3
   339 00000A30 [FC04000000000000]      	bot3_position dq board + 84 + ((column_cells + 4) * 10) ; El 1 es el movimiento horizontal y  en ((column_cells + 2) * 12) el 12 es el movimiento vertical
   340 00000A38 [E604000000000000]      	player2_position dq board + 82 + ((column_cells + 2) * 10) ; Posición inicial del Jugador 2
   341 00000A40 1E00000000000000        	pared1_x_pos: dq 30 ;0-59
   342 00000A48 0100000000000000        	pared1_y_pos: dq 1
   343 00000A50 5000000000000000        	pared2_x_pos: dq 80 ;0-59
   344 00000A58 0100000000000000        	pared2_y_pos: dq 1
   345 00000A60 1500000000000000        		colen: dq 21
   346 00000A68 0000000000000000        		colj: dq 0
   347 00000A70 0000000000000000        		cole: dq 0
   348 00000A78 1500000000000000        		pared: dq 21
   349 00000A80 0000000000000000        		colplayer: dq 0 
   350                                  
   351                                  
   352                                  section .text
   353                                  ;;;;;;;;;;;;;;;;;;;;for the working of the terminal;;;;;;;;;;;;;;;;;
   354                                  canonical_off:										;La entrada se procese carácter por carácter sin esperar a que se presione Enter.
   355 0000023E E86F000000                      call read_stdin_termios						;Guarda los atributos actuales del terminal en la variable termios
   356                                  
   357                                          ; clear canonical bit in local mode flags	
   358 00000243 50                              push rax						
   359 00000244 B802000000                      mov eax, ICANON								;Carga el valor de la constante ICANON (que representa el bit del modo canónico) en eax
   360 00000249 F7D0                            not eax										;Niega todos los bits en eax
   361 0000024B 2105(E0090000)                  and [termios+12], eax						;Limpia el bit canónico en las banderas de modo local
   362 00000251 C605(EB090000)00        		mov byte[termios+CC_C+VTIME], 0				;Establecen VTIME y VMIN en 0 para que el terminal no espere caracteres adicionales
   363 00000258 C605(EC090000)00        		mov byte[termios+CC_C+VMIN], 0
   364 0000025F 58                              pop rax
   365                                  
   366 00000260 E86C000000                      call write_stdin_termios					;Escribe los atributos modificados de termios de vuelta al terminal
   367 00000265 C3                              ret
   368                                  
   369                                  echo_off:											;No se muestran los caracteres introducidos
   370 00000266 E847000000                      call read_stdin_termios
   371                                  
   372                                          ; clear echo bit in local mode flags
   373 0000026B 50                              push rax
   374 0000026C B808000000                      mov eax, ECHO
   375 00000271 F7D0                            not eax
   376 00000273 2105(E0090000)                  and [termios+12], eax
   377 00000279 58                              pop rax
   378                                  
   379 0000027A E852000000                      call write_stdin_termios
   380 0000027F C3                              ret
   381                                  
   382                                  canonical_on:										;La entrada se procesa en líneas completas. Espera hasta que el usuario presione Enter
   383 00000280 E82D000000                      call read_stdin_termios
   384                                  
   385                                          ; set canonical bit in local mode flags
   386 00000285 830D(E0090000)02                or dword [termios+12], ICANON
   387 0000028C C605(EB090000)00        		mov byte[termios+CC_C+VTIME], 0			;Tiempo en decisegundos que el terminal espera para la entrada.
   388 00000293 C605(EC090000)01        		mov byte[termios+CC_C+VMIN], 1			;El número mínimo de caracteres que se deben leer
   389 0000029A E832000000                      call write_stdin_termios
   390 0000029F C3                              ret
   391                                  
   392                                  echo_on:											;Se muestran los caracteres introducidos
   393 000002A0 E80D000000                      call read_stdin_termios
   394                                  
   395                                          ; set echo bit in local mode flags
   396 000002A5 830D(E0090000)08                or dword [termios+12], ECHO
   397                                  
   398 000002AC E820000000                      call write_stdin_termios
   399 000002B1 C3                              ret
   400                                  
   401                                  read_stdin_termios:									;Lee los atributos del terminal y los guarda en la variable termios
   402 000002B2 50                              push rax
   403 000002B3 53                              push rbx
   404 000002B4 51                              push rcx
   405 000002B5 52                              push rdx
   406                                  
   407 000002B6 B836000000                      mov eax, 36h
   408 000002BB BB00000000                      mov ebx, stdin
   409 000002C0 B901540000                      mov ecx, 5401h
   410 000002C5 BA[D4090000]                    mov edx, termios
   411 000002CA CD80                            int 80h
   412                                  
   413 000002CC 5A                              pop rdx
   414 000002CD 59                              pop rcx
   415 000002CE 5B                              pop rbx
   416 000002CF 58                              pop rax
   417 000002D0 C3                              ret
   418                                  
   419                                  write_stdin_termios:								;Escribe los atributos del terminal utilizando la llamada al sistema 
   420 000002D1 50                              push rax
   421 000002D2 53                              push rbx
   422 000002D3 51                              push rcx
   423 000002D4 52                              push rdx
   424                                  
   425 000002D5 B836000000                      mov eax, 36h
   426 000002DA BB00000000                      mov ebx, stdin
   427 000002DF B902540000                      mov ecx, 5402h
   428 000002E4 BA[D4090000]                    mov edx, termios
   429 000002E9 CD80                            int 80h
   430                                  
   431 000002EB 5A                              pop rdx
   432 000002EC 59                              pop rcx
   433 000002ED 5B                              pop rbx
   434 000002EE 58                              pop rax
   435 000002EF C3                              ret
   436                                  
   437                                  ;;;;;;;;;;;;;;;;;;;;end for the working of the terminal;;;;;;;;;;;;
   438                                  
   439                                  ; Function: print_pallet
   440                                  ; This function moves the pallet in the game
   441                                  ; Arguments: none
   442                                  ;
   443                                  ; Return;
   444                                  ;	void
   445                                  print_pallet:
   446                                    
   447 000002F0 4C8B05(F8090000)        	mov r8, [pallet_position] 
   448                                  	.write_pallet:
   449 000002F7 41C60047                		mov byte [r8], char_comillas
   450 000002FB C3                      	ret
   451                                  
   452                                  ; Function: move_pallet
   453                                  ; Mueve al Jugador 1 en la direccion especificada
   454                                  ; Argumentos:
   455                                  ;   rdi: direccion (up_direction, down_direction, left_direction, right_direction)
   456                                  ; Return:
   457                                  ;	void
   458                                  move_pallet:
   459                                  
   460 000002FC 50                      	push rax
   461 000002FD 51                      	push rcx
   462                                  
   463 000002FE 4C8B2D(680A0000)        	mov r13, [colj]
   464 00000305 4983FD01                	cmp r13, 1
   465 00000309 0F845B070000            	je .endp
   466                                  	  
   467 0000030F 4883FF02                	cmp rdi, up_direction					; Comparar el valor de rdi (dirección) con left_direction
   468 00000313 741E                    	je .move_up						; Si no es igual a left_direction, saltar a .move_right
   469                                  
   470 00000315 4883FF03                	cmp rdi, down_direction
   471 00000319 0F8471020000            	je .move_down
   472                                  
   473 0000031F 4883FF01                	cmp rdi, right_direction
   474 00000323 0F8472060000            	je .move_right
   475                                  
   476 00000329 4883FFFF                	cmp rdi, left_direction
   477 0000032D 0F84BD040000            	je .move_left
   478                                  
   479                                  	.move_up:
   480 00000333 4C8B05(F8090000)        		mov r8, [pallet_position]
   481                                  
   482                                  		; INICIO DE COMPARACIONES PARA LAS COLISIONES
   483 0000033A 4981F8[61020000]        		cmp r8, board + 109 + ((column_cells + 2) * 4)
   484 00000341 0F8C23070000            		jl .endp
   485                                  
   486 00000347 4981F8[76040000]        		cmp r8, board + 82 + ((column_cells + 2) * 9)
   487 0000034E 0F8416070000            		je .endp 
   488 00000354 4981F8[77040000]        		cmp r8, board + 83 + ((column_cells + 2) * 9)
   489 0000035B 0F8409070000            		je .endp
   490 00000361 4981F8[78040000]        		cmp r8, board + 84 + ((column_cells + 2) * 9)
   491 00000368 0F84FC060000            		je .endp
   492 0000036E 4981F8[79040000]        		cmp r8, board + 85 + ((column_cells + 2) * 9)
   493 00000375 0F84EF060000            		je .endp
   494 0000037B 4981F8[7A040000]        		cmp r8, board + 86 + ((column_cells + 2) * 9)
   495 00000382 0F84E2060000            		je .endp
   496 00000388 4981F8[7B040000]        		cmp r8, board + 87 + ((column_cells + 2) * 9)
   497 0000038F 0F84D5060000            		je .endp
   498 00000395 4981F8[7C040000]        		cmp r8, board + 88 + ((column_cells + 2) * 9)
   499 0000039C 0F84C8060000            		je .endp
   500 000003A2 4981F8[7D040000]        		cmp r8, board + 89 + ((column_cells + 2) * 9)
   501 000003A9 0F84BB060000            		je .endp
   502 000003AF 4981F8[7E040000]        		cmp r8, board + 90 + ((column_cells + 2) * 9)
   503 000003B6 0F84AE060000            		je .endp
   504 000003BC 4981F8[7F040000]        		cmp r8, board + 91 + ((column_cells + 2) * 9)
   505 000003C3 0F84A1060000            		je .endp
   506 000003C9 4981F8[80040000]        		cmp r8, board + 92 + ((column_cells + 2) * 9)
   507 000003D0 0F8494060000            		je .endp
   508 000003D6 4981F8[81040000]        		cmp r8, board + 93 + ((column_cells + 2) * 9)
   509 000003DD 0F8487060000            		je .endp
   510 000003E3 4981F8[82040000]        		cmp r8, board + 94 + ((column_cells + 2) * 9)
   511 000003EA 0F847A060000            		je .endp
   512 000003F0 4981F8[83040000]        		cmp r8, board + 95 + ((column_cells + 2) * 9)
   513 000003F7 0F846D060000            		je .endp
   514 000003FD 4981F8[84040000]        		cmp r8, board + 96 + ((column_cells + 2) * 9)
   515 00000404 0F8460060000            		je .endp
   516 0000040A 4981F8[85040000]        		cmp r8, board + 97 + ((column_cells + 2) * 9)
   517 00000411 0F8453060000            		je .endp
   518 00000417 4981F8[86040000]        		cmp r8, board + 98 + ((column_cells + 2) * 9)
   519 0000041E 0F8446060000            		je .endp
   520 00000424 4981F8[87040000]        		cmp r8, board + 99 + ((column_cells + 2) * 9)
   521 0000042B 0F8439060000            		je .endp
   522                                  
   523 00000431 4981F8[AA060000]        		cmp r8, board + 86 + ((column_cells + 2) * 14)
   524 00000438 0F842C060000            		je .endp
   525 0000043E 4981F8[AB060000]        		cmp r8, board + 87 + ((column_cells + 2) * 14)
   526 00000445 0F841F060000            		je .endp
   527 0000044B 4981F8[AC060000]        		cmp r8, board + 88 + ((column_cells + 2) * 14)
   528 00000452 0F8412060000            		je .endp
   529 00000458 4981F8[AD060000]        		cmp r8, board + 89 + ((column_cells + 2) * 14)
   530 0000045F 0F8405060000            		je .endp
   531 00000465 4981F8[AE060000]        		cmp r8, board + 90 + ((column_cells + 2) * 14)
   532 0000046C 0F84F8050000            		je .endp
   533 00000472 4981F8[AF060000]        		cmp r8, board + 91 + ((column_cells + 2) * 14)
   534 00000479 0F84EB050000            		je .endp
   535 0000047F 4981F8[B0060000]        		cmp r8, board + 92 + ((column_cells + 2) * 14)
   536 00000486 0F84DE050000            		je .endp
   537 0000048C 4981F8[B1060000]        		cmp r8, board + 93 + ((column_cells + 2) * 14)
   538 00000493 0F84D1050000            		je .endp
   539 00000499 4981F8[B2060000]        		cmp r8, board + 94 + ((column_cells + 2) * 14)
   540 000004A0 0F84C4050000            		je .endp
   541 000004A6 4981F8[B3060000]        		cmp r8, board + 95 + ((column_cells + 2) * 14)
   542 000004AD 0F84B7050000            		je .endp
   543 000004B3 4981F8[B4060000]        		cmp r8, board + 96 + ((column_cells + 2) * 14)
   544 000004BA 0F84AA050000            		je .endp
   545 000004C0 4981F8[B5060000]        		cmp r8, board + 97 + ((column_cells + 2) * 14)
   546 000004C7 0F849D050000            		je .endp
   547 000004CD 4981F8[B6060000]        		cmp r8, board + 98 + ((column_cells + 2) * 14)
   548 000004D4 0F8490050000            		je .endp
   549 000004DA 4981F8[B7060000]        		cmp r8, board + 99 + ((column_cells + 2) * 14)
   550 000004E1 0F8483050000            		je .endp
   551 000004E7 4981F8[B8060000]        		cmp r8, board + 100 + ((column_cells + 2) * 14)
   552 000004EE 0F8476050000            		je .endp
   553 000004F4 4981F8[B9060000]        		cmp r8, board + 101 + ((column_cells + 2) * 14)
   554 000004FB 0F8469050000            		je .endp
   555 00000501 4981F8[BA060000]        		cmp r8, board + 102 + ((column_cells + 2) * 14)
   556 00000508 0F845C050000            		je .endp
   557 0000050E 4981F8[BB060000]        		cmp r8, board + 103 + ((column_cells + 2) * 14)
   558 00000515 0F844F050000            		je .endp
   559 0000051B 4981F8[BC060000]        		cmp r8, board + 104 + ((column_cells + 2) * 14)
   560 00000522 0F8442050000            		je .endp
   561 00000528 4981F8[BD060000]        		cmp r8, board + 105 + ((column_cells + 2) * 14)
   562 0000052F 0F8435050000            		je .endp
   563 00000535 4981F8[BE060000]        		cmp r8, board + 106 + ((column_cells + 2) * 14)
   564 0000053C 0F8428050000            		je .endp
   565 00000542 4981F8[BF060000]        		cmp r8, board + 107 + ((column_cells + 2) * 14)
   566 00000549 0F841B050000            		je .endp
   567 0000054F 4981F8[C0060000]        		cmp r8, board + 108 + ((column_cells + 2) * 14)
   568 00000556 0F840E050000            		je .endp
   569                                  
   570 0000055C 4981F8[1D080000]        		cmp r8, board + 9 + ((column_cells + 2) * 18)  ; Comparar con 81
   571 00000563 7E0B                    		jle .fuera_rango  ; Si rax <= 81, salir
   572                                  
   573 00000565 4981F8[78080000]        		cmp r8, board + 100 + ((column_cells + 2) * 18) ; Comparar con 100
   574 0000056C 7D02                    		jge .fuera_rango  ; Si rax >= 100, salir
   575                                  
   576                                  		; Aquí entra si 81 < r8 < 100
   577 0000056E EB1B                    		jmp .continuar    
   578                                  
   579                                  		.fuera_rango:
   580 00000570 4C8B0D(000A0000)        			mov r9, [pallet_size]
   581 00000577 41C60020                			mov byte [r8], char_space	; Limpiar último carácter del palet
   582 0000057B 4983E870                			sub r8, 112						; Mover una fila arriba (restar 320)
   583 0000057F 4C8905(F8090000)        			mov [pallet_position], r8			; Actualizar posición
   584                                  
   585 00000586 E9DF040000              		jmp .endp
   586                                  
   587                                  		.continuar:
   588 0000058B E9DA040000              			jmp .endp
   589                                  
   590                                  	.move_down:
   591                                  
   592 00000590 4C8B05(F8090000)        		mov r8, [pallet_position]
   593                                  
   594 00000597 4981F8[EA040000]        		cmp r8, board + 86 + ((column_cells + 2) * 10)  
   595 0000059E 0F84C6040000            		je .endp
   596 000005A4 4981F8[EB040000]        		cmp r8, board + 87 + ((column_cells + 2) * 10)  
   597 000005AB 0F84B9040000            		je .endp
   598 000005B1 4981F8[EC040000]        		cmp r8, board + 88 + ((column_cells + 2) * 10)  
   599 000005B8 0F84AC040000            		je .endp
   600 000005BE 4981F8[ED040000]        		cmp r8, board + 89 + ((column_cells + 2) * 10)  
   601 000005C5 0F849F040000            		je .endp
   602 000005CB 4981F8[EE040000]        		cmp r8, board + 90 + ((column_cells + 2) * 10)  
   603 000005D2 0F8492040000            		je .endp
   604 000005D8 4981F8[EF040000]        		cmp r8, board + 91 + ((column_cells + 2) * 10)  
   605 000005DF 0F8485040000            		je .endp
   606 000005E5 4981F8[F0040000]        		cmp r8, board + 92 + ((column_cells + 2) * 10)  
   607 000005EC 0F8478040000            		je .endp
   608 000005F2 4981F8[F1040000]        		cmp r8, board + 93 + ((column_cells + 2) * 10)  
   609 000005F9 0F846B040000            		je .endp
   610 000005FF 4981F8[F2040000]        		cmp r8, board + 94 + ((column_cells + 2) * 10)  
   611 00000606 0F845E040000            		je .endp
   612 0000060C 4981F8[F3040000]        		cmp r8, board + 95 + ((column_cells + 2) * 10)  
   613 00000613 0F8451040000            		je .endp
   614 00000619 4981F8[F4040000]        		cmp r8, board + 96 + ((column_cells + 2) * 10)  
   615 00000620 0F8444040000            		je .endp
   616 00000626 4981F8[F5040000]        		cmp r8, board + 97 + ((column_cells + 2) * 10)  
   617 0000062D 0F8437040000            		je .endp
   618 00000633 4981F8[F6040000]        		cmp r8, board + 98 + ((column_cells + 2) * 10)  
   619 0000063A 0F842A040000            		je .endp
   620 00000640 4981F8[F7040000]        		cmp r8, board + 99 + ((column_cells + 2) * 10)  
   621 00000647 0F841D040000            		je .endp
   622 0000064D 4981F8[F8040000]        		cmp r8, board + 100 + ((column_cells + 2) * 10)  
   623 00000654 0F8410040000            		je .endp
   624 0000065A 4981F8[F9040000]        		cmp r8, board + 101 + ((column_cells + 2) * 10)  
   625 00000661 0F8403040000            		je .endp
   626 00000667 4981F8[FA040000]        		cmp r8, board + 102 + ((column_cells + 2) * 10)  
   627 0000066E 0F84F6030000            		je .endp
   628 00000674 4981F8[FB040000]        		cmp r8, board + 103 + ((column_cells + 2) * 10)  
   629 0000067B 0F84E9030000            		je .endp
   630 00000681 4981F8[FC040000]        		cmp r8, board + 104 + ((column_cells + 2) * 10)  
   631 00000688 0F84DC030000            		je .endp
   632 0000068E 4981F8[FD040000]        		cmp r8, board + 105 + ((column_cells + 2) * 10)  
   633 00000695 0F84CF030000            		je .endp
   634 0000069B 4981F8[FE040000]        		cmp r8, board + 106 + ((column_cells + 2) * 10)  
   635 000006A2 0F84C2030000            		je .endp
   636 000006A8 4981F8[FF040000]        		cmp r8, board + 107 + ((column_cells + 2) * 10)  
   637 000006AF 0F84B5030000            		je .endp
   638 000006B5 4981F8[00050000]        		cmp r8, board + 108 + ((column_cells + 2) * 10)  
   639 000006BC 0F84A8030000            		je .endp
   640                                  
   641 000006C2 4981F8[16070000]        		cmp r8, board + 82 + ((column_cells + 2) * 15)
   642 000006C9 0F849B030000            		je .endp
   643 000006CF 4981F8[17070000]        		cmp r8, board + 83 + ((column_cells + 2) * 15)
   644 000006D6 0F848E030000            		je .endp
   645 000006DC 4981F8[18070000]        		cmp r8, board + 84 + ((column_cells + 2) * 15)
   646 000006E3 0F8481030000            		je .endp
   647 000006E9 4981F8[19070000]        		cmp r8, board + 85 + ((column_cells + 2) * 15)
   648 000006F0 0F8474030000            		je .endp
   649 000006F6 4981F8[1A070000]        		cmp r8, board + 86 + ((column_cells + 2) * 15)
   650 000006FD 0F8467030000            		je .endp
   651 00000703 4981F8[1B070000]        		cmp r8, board + 87 + ((column_cells + 2) * 15)
   652 0000070A 0F845A030000            		je .endp
   653 00000710 4981F8[1C070000]        		cmp r8, board + 88 + ((column_cells + 2) * 15)
   654 00000717 0F844D030000            		je .endp
   655 0000071D 4981F8[1D070000]        		cmp r8, board + 89 + ((column_cells + 2) * 15)
   656 00000724 0F8440030000            		je .endp
   657 0000072A 4981F8[1E070000]        		cmp r8, board + 90 + ((column_cells + 2) * 15)
   658 00000731 0F8433030000            		je .endp
   659 00000737 4981F8[1F070000]        		cmp r8, board + 91 + ((column_cells + 2) * 15)
   660 0000073E 0F8426030000            		je .endp
   661 00000744 4981F8[20070000]        		cmp r8, board + 92 + ((column_cells + 2) * 15)
   662 0000074B 0F8419030000            		je .endp
   663 00000751 4981F8[21070000]        		cmp r8, board + 93 + ((column_cells + 2) * 15)
   664 00000758 0F840C030000            		je .endp
   665 0000075E 4981F8[22070000]        		cmp r8, board + 94 + ((column_cells + 2) * 15)
   666 00000765 0F84FF020000            		je .endp
   667 0000076B 4981F8[23070000]        		cmp r8, board + 95 + ((column_cells + 2) * 15)
   668 00000772 0F84F2020000            		je .endp
   669 00000778 4981F8[24070000]        		cmp r8, board + 96 + ((column_cells + 2) * 15)
   670 0000077F 0F84E5020000            		je .endp
   671 00000785 4981F8[25070000]        		cmp r8, board + 97 + ((column_cells + 2) * 15)
   672 0000078C 0F84D8020000            		je .endp
   673 00000792 4981F8[26070000]        		cmp r8, board + 98 + ((column_cells + 2) * 15)
   674 00000799 0F84CB020000            		je .endp
   675 0000079F 4981F8[27070000]        		cmp r8, board + 99 + ((column_cells + 2) * 15)
   676 000007A6 0F84BE020000            		je .endp
   677                                  		
   678 000007AC 4981F8[F4080000]        		cmp r8, board + ((column_cells + 2) * 20)
   679 000007B3 0F8FB1020000            		jg .endp
   680                                  
   681                                  
   682 000007B9 4981F8[DD020000]        		cmp r8, board + 9 + ((column_cells + 2) * 6)  
   683 000007C0 7E0E                    		jle .fuera_rango_down  ; Si rax <= 81, salir
   684                                  
   685 000007C2 4981F8[38030000]        		cmp r8, board + 100 + ((column_cells + 2) * 6) 
   686 000007C9 7D05                    		jge .fuera_rango_down  ; Si rax >= 100, salir
   687                                  
   688                                  		
   689                                  
   690                                  		; Aquí entra si 81 < r8 < 100
   691 000007CB E9BBFDFFFF              		jmp .continuar    
   692                                  
   693                                  		.fuera_rango_down:
   694 000007D0 4C8B0D(000A0000)        			mov r9, [pallet_size]
   695 000007D7 41C60020                			mov byte [r8], char_space	; Limpiar último carácter del palet
   696 000007DB 4983C070                			add r8, 112							; Mover una fila abajo (sumar 320)
   697 000007DF 4C8905(F8090000)        			mov [pallet_position], r8			; Actualizar posición
   698                                  
   699                                  
   700 000007E6 E97F020000              		jmp .endp	
   701                                  
   702                                  		.continuar_down:
   703 000007EB E97A020000              			jmp .endp
   704                                  
   705                                  
   706                                  
   707                                  		
   708                                  		
   709                                  
   710                                  	.move_left:
   711                                  
   712 000007F0 4C8B2D(680A0000)        		mov r13, [colj]
   713 000007F7 4983FD01                		cmp r13, 1
   714 000007FB 0F8469020000            		je .endp
   715                                  
   716 00000801 4C8B05(F8090000)        		mov r8, [pallet_position]
   717                                  
   718                                  		; INICIO DE COMPARACIONES PARA LAS COLISIONES
   719 00000808 4981F8[F5010000]        		cmp r8, board + 1 + ((column_cells + 2) * 4)
   720 0000080F 0F8455020000            		je .endp 
   721                                  
   722 00000815 4981F8[65020000]        		cmp r8, board + 1 + ((column_cells + 2) * 5)
   723 0000081C 0F8448020000            		je .endp 
   724                                  
   725 00000822 4981F8[D5020000]        		cmp r8, board + 1 + ((column_cells + 2) * 6)
   726 00000829 0F843B020000            		je .endp 
   727                                  
   728 0000082F 4981F8[45030000]        		cmp r8, board + 1 + ((column_cells + 2) * 7)
   729 00000836 0F842E020000            		je .endp 
   730                                  
   731 0000083C 4981F8[B5030000]        		cmp r8, board + 1 + ((column_cells + 2) * 8)
   732 00000843 0F8421020000            		je .endp 
   733                                  
   734 00000849 4981F8[25040000]        		cmp r8, board + 1 + ((column_cells + 2) * 9)
   735 00000850 0F8414020000            		je .endp 
   736                                  	
   737 00000856 4981F8[95040000]        		cmp r8, board + 1 + ((column_cells + 2) * 10)
   738 0000085D 0F8407020000            		je .endp 
   739                                  
   740 00000863 4981F8[05050000]        		cmp r8, board + 1 + ((column_cells + 2) * 11)
   741 0000086A 0F84FA010000            		je .endp 
   742                                  
   743 00000870 4981F8[75050000]        		cmp r8, board + 1 + ((column_cells + 2) * 12)
   744 00000877 0F84ED010000            		je .endp 
   745                                  
   746 0000087D 4981F8[75050000]        		cmp r8, board + 1 + ((column_cells + 2) * 12)
   747 00000884 0F84E0010000            		je .endp 
   748                                  
   749 0000088A 4981F8[E5050000]        		cmp r8, board + 1 + ((column_cells + 2) * 13)
   750 00000891 0F84D3010000            		je .endp 
   751                                  
   752 00000897 4981F8[55060000]        		cmp r8, board + 1 + ((column_cells + 2) * 14)
   753 0000089E 0F84C6010000            		je .endp 
   754                                  
   755 000008A4 4981F8[C5060000]        		cmp r8, board + 1 + ((column_cells + 2) * 15)
   756 000008AB 0F84B9010000            		je .endp 
   757                                  
   758 000008B1 4981F8[35070000]        		cmp r8, board + 1 + ((column_cells + 2) * 16)
   759 000008B8 0F84AC010000            		je .endp 
   760                                  
   761 000008BE 4981F8[A5070000]        		cmp r8, board + 1 + ((column_cells + 2) * 17)
   762 000008C5 0F849F010000            		je .endp 
   763                                  
   764 000008CB 4981F8[15080000]        		cmp r8, board + 1 + ((column_cells + 2) * 18)
   765 000008D2 0F8492010000            		je .endp 
   766                                  
   767 000008D8 4981F8[85080000]        		cmp r8, board + 1 + ((column_cells + 2) * 19)
   768 000008DF 0F8485010000            		je .endp
   769                                  
   770 000008E5 4981F8[F5080000]        		cmp r8, board + 1 + ((column_cells + 2) * 20)
   771 000008EC 0F8478010000            		je .endp
   772                                  
   773 000008F2 4981F8[A8030000]        		cmp r8, board + 100 + ((column_cells + 2) * 7)
   774 000008F9 0F846B010000            		je .endp
   775                                  
   776 000008FF 4981F8[18040000]        		cmp r8, board + 100 + ((column_cells + 2) * 8)
   777 00000906 0F845E010000            		je .endp
   778                                  
   779 0000090C 4981F8[76040000]        		cmp r8, board + 82 + ((column_cells + 2) * 9)
   780 00000913 0F8451010000            		je .endp
   781                                  
   782                                  		;-----COLISION PARTE INTERNA DE LA CURVA-----
   783 00000919 4981F8[E6040000]        		cmp r8, board + 82 + ((column_cells + 2) * 10)
   784 00000920 0F8444010000            		je .endp
   785                                  
   786 00000926 4981F8[56050000]        		cmp r8, board + 82 + ((column_cells + 2) * 11)
   787 0000092D 0F8437010000            		je .endp
   788                                  
   789 00000933 4981F8[C6050000]        		cmp r8, board + 82 + ((column_cells + 2) * 12)
   790 0000093A 0F842A010000            		je .endp
   791                                  
   792 00000940 4981F8[36060000]        		cmp r8, board + 82 + ((column_cells + 2) * 13)
   793 00000947 0F841D010000            		je .endp
   794                                  
   795 0000094D 4981F8[A6060000]        		cmp r8, board + 82 + ((column_cells + 2) * 14)
   796 00000954 0F8410010000            		je .endp
   797                                  
   798 0000095A 4981F8[16070000]        		cmp r8, board + 82 + ((column_cells + 2) * 15)
   799 00000961 0F8403010000            		je .endp
   800                                  		;---FIN COLISION PARTE INTERNA DE LA CURVA----
   801                                  
   802 00000967 4981F8[98070000]        		cmp r8, board + 100 + ((column_cells + 2) * 16)
   803 0000096E 0F84F6000000            		je .endp
   804                                  
   805 00000974 4981F8[08080000]        		cmp r8, board + 100 + ((column_cells + 2) * 17)
   806 0000097B 0F84E9000000            		je .endp
   807                                  
   808 00000981 4C8B0D(000A0000)        		mov r9, [pallet_size]
   809 00000988 41C60020                		mov byte [r8], char_space	; Limpiar el último carácter del palet
   810 0000098C 49FFC8                  		dec r8								; Mover la posición del palet una unidad a la izquierda
   811 0000098F 4C8905(F8090000)        		mov [pallet_position], r8			; Actualizar la posición del palet en la memoria
   812                                  
   813 00000996 E9CF000000              		jmp .endp	
   814                                  							 
   815                                  	.move_right:
   816                                  
   817 0000099B 4C8B2D(680A0000)        		mov r13, [colj]
   818 000009A2 4983FD02                		cmp r13, 2
   819 000009A6 0F84BE000000            		je .endp
   820                                  
   821 000009AC 4C8B05(F8090000)        		mov r8, [pallet_position]
   822                                  
   823                                  		
   824 000009B3 4981F8[60020000]        		cmp r8, board + 108 + ((column_cells + 2) * 4)
   825 000009BA 0F84AA000000            		je .endp
   826                                  
   827 000009C0 4981F8[D0020000]        		cmp r8, board + 108 + ((column_cells + 2) * 5)
   828 000009C7 0F849D000000            		je .endp
   829                                  
   830 000009CD 4981F8[40030000]        		cmp r8, board + 108 + ((column_cells + 2) * 6)
   831 000009D4 0F8490000000            		je .endp
   832                                  
   833 000009DA 4981F8[B0030000]        		cmp r8, board + 108 + ((column_cells + 2) * 7)
   834 000009E1 0F8483000000            		je .endp
   835                                  
   836 000009E7 4981F8[20040000]        		cmp r8, board + 108 + ((column_cells + 2) * 8)
   837 000009EE 747A                    		je .endp
   838                                  
   839 000009F0 4981F8[90040000]        		cmp r8, board + 108 + ((column_cells + 2) * 9)
   840 000009F7 7471                    		je .endp
   841                                  
   842 000009F9 4981F8[00050000]        		cmp r8, board + 108 + ((column_cells + 2) * 10)
   843 00000A00 7468                    		je .endp
   844                                  
   845 00000A02 4981F8[59050000]        		cmp r8, board + 85 + ((column_cells + 2) * 11)
   846 00000A09 745F                    		je .endp
   847                                  
   848 00000A0B 4981F8[C9050000]        		cmp r8, board + 85 + ((column_cells + 2) * 12)
   849 00000A12 7456                    		je .endp
   850                                  
   851 00000A14 4981F8[39060000]        		cmp r8, board + 85 + ((column_cells + 2) * 13)
   852 00000A1B 744D                    		je .endp
   853                                  
   854 00000A1D 4981F8[C0060000]        		cmp r8, board + 108 + ((column_cells + 2) * 14)
   855 00000A24 7444                    		je .endp
   856                                  
   857 00000A26 4981F8[30070000]        		cmp r8, board + 108 + ((column_cells + 2) * 15)
   858 00000A2D 743B                    		je .endp
   859                                  
   860 00000A2F 4981F8[A0070000]        		cmp r8, board + 108 + ((column_cells + 2) * 16)
   861 00000A36 7432                    		je .endp
   862                                  
   863 00000A38 4981F8[10080000]        		cmp r8, board + 108 + ((column_cells + 2) * 17)
   864 00000A3F 7429                    		je .endp
   865                                  
   866 00000A41 4981F8[80080000]        		cmp r8, board + 108 + ((column_cells + 2) * 18)
   867 00000A48 7420                    		je .endp
   868                                  
   869 00000A4A 4981F8[F0080000]        		cmp r8, board + 108 + ((column_cells + 2) * 19)
   870 00000A51 7417                    		je .endp
   871                                  
   872 00000A53 4981F8[60090000]        		cmp r8, board + 108 + ((column_cells + 2) * 20)
   873 00000A5A 740E                    		je .endp
   874                                  
   875 00000A5C 41C60020                		mov byte [r8], char_space
   876 00000A60 49FFC0                  		inc r8
   877 00000A63 4C8905(F8090000)        		mov [pallet_position], r8
   878                                   
   879                                  
   880                                  
   881                                  	.endp:
   882 00000A6A 48C705(680A0000)00-     		mov qword [colj], 0
   882 00000A72 000000             
   883                                  
   884 00000A75 58                      	pop rax
   885 00000A76 59                      	pop rcx
   886                                  	 
   887 00000A77 C3                      	ret
   888                                  
   889                                  ; Primera definición
   890                                  print_bot1:
   891 00000A78 4C8B0D(180A0000)            mov r9, [bot_position]
   892                                      .write_pallet_bot1:
   893 00000A7F 41C60142                        mov byte [r9], char_bot1
   894 00000A83 C3                          ret
   895                                  
   896                                  ; Segunda definición
   897                                  print_bot2:
   898 00000A84 4C8B15(200A0000)            mov r10, [bot2_position]
   899                                      .write_pallet_bot2:
   900 00000A8B 41C60259                        mov byte [r10], char_bot2
   901 00000A8F C3                          ret
   902                                  
   903                                  ; tercera definición
   904                                  print_bot3:
   905 00000A90 4C8B1D(300A0000)            mov r11, [bot3_position]
   906                                      .write_pallet_bot3:
   907 00000A97 41C60350                        mov byte [r11], char_bot3
   908 00000A9B C3                          ret
   909                                  
   910                                  
   911                                  ; Funcion generar un numero aleatorio entre 100 y 150 para la velocidad 
   912                                  generate_random:
   913                                      ; Abrir /dev/urandom para leer un byte aleatorio
   914 00000A9C 57                      	push rdi
   915 00000A9D 56                      	push rsi
   916 00000A9E 52                      	push rdx
   917 00000A9F 50                      	push rax
   918                                  
   919 00000AA0 B800000000                  mov rax, 0                ; sys_read
   920 00000AA5 48BF-                       mov rdi, urandom          ; Descriptor de archivo para /dev/urandom
   920 00000AA7 [0000000000000000] 
   921 00000AAF 48BE-                       mov rsi, random_value     ; Dirección donde se guarda el byte aleatorio
   921 00000AB1 [0E00000000000000] 
   922 00000AB9 BA01000000                  mov rdx, 1                ; Leer 1 byte
   923 00000ABE 0F05                        syscall                   ; Llamada al sistema para leer
   924                                  
   925                                      ; Reducir el rango del número aleatorio a 0-49
   926 00000AC0 480FB605(0E000000)          movzx rax, byte [random_value]  ; Cargar el byte aleatorio en rax
   927 00000AC8 4831D2                      xor rdx, rdx              ; Limpiar rdx para la division
   928 00000ACB B932000000                  mov rcx, 50               ; Divisor (rango deseado: 50 numeros)
   929 00000AD0 48F7F1                      div rcx                   ; rax = rax / rcx, rdx = rax % rcx
   930                                      ; Ahora rdx contiene el número aleatorio en el rango 0-49
   931                                  
   932                                      ; Ajustar el rango base a 100-150
   933 00000AD3 4883C264                    add rdx, 100 ; suma 100 para obtener el rango deseado
   934                                  
   935                                      ; Guardar el resultado en una variable o registro
   936 00000AD7 488915(21000000)            mov [random_result], rdx  ; Guardar el número aleatorio generado
   937                                  
   938 00000ADE 5F                      	pop rdi
   939 00000ADF 5E                      	pop rsi
   940 00000AE0 5A                      	pop rdx
   941 00000AE1 58                      	pop rax
   942                                  
   943 00000AE2 C3                          ret
   944                                  
   945                                  ; Funcion: generate_random_low
   946                                  ; Genera un número aleatorio entre 0 y 10
   947                                  ; Return:
   948                                  ;   rdx: Número aleatorio en el rango 0-10
   949                                  generate_random_low:
   950                                      ; Abrir /dev/urandom para leer un byte aleatorio
   951 00000AE3 57                          push rdi
   952 00000AE4 56                          push rsi
   953 00000AE5 52                          push rdx
   954 00000AE6 50                          push rax
   955                                  
   956 00000AE7 B800000000                  mov rax, 0                ; sys_read
   957 00000AEC 48BF-                       mov rdi, urandom          ; Descriptor de archivo para /dev/urandom
   957 00000AEE [0000000000000000] 
   958 00000AF6 48BE-                       mov rsi, random_value     ; Dirección donde se guarda el byte aleatorio
   958 00000AF8 [0E00000000000000] 
   959 00000B00 BA01000000                  mov rdx, 1                ; Leer 1 byte
   960 00000B05 0F05                        syscall                   ; Llamada al sistema para leer
   961                                  
   962                                      ; Reducir el rango del número aleatorio a 0-10
   963 00000B07 480FB605(0E000000)          movzx rax, byte [random_value]  ; Cargar el byte aleatorio en rax
   964 00000B0F 4831D2                      xor rdx, rdx              ; Limpiar rdx para la división
   965 00000B12 B904000000                  mov rcx, 4               ; Divisor (rango deseado: 11 números, de 0 a 10)
   966 00000B17 48F7F1                      div rcx                   ; rax = rax / rcx, rdx = rax % rcx
   967                                      ; Ahora rdx contiene el número aleatorio en el rango 0-10
   968                                  
   969                                      ; Guardar el resultado en una variable o registro
   970 00000B1A 488915(21000000)            mov [random_result], rdx  ; Guardar el número aleatorio generado
   971                                  
   972 00000B21 5F                          pop rdi
   973 00000B22 5E                          pop rsi
   974 00000B23 5A                          pop rdx
   975 00000B24 58                          pop rax
   976                                  
   977 00000B25 C3                          ret
   978                                  
   979                                  ; Función: set_bot_speed
   980                                  ; Establece la velocidad del bot de manera aleatoria
   981                                  set_bot_speed:
   982 00000B26 52                      	push rdx
   983                                  	; Llamar a la funcion para generar numero random
   984 00000B27 E870FFFFFF              	call generate_random
   985                                  	; ; Guardar el numero aleatorio en la variable de velocidad del bot
   986                                  	; mov [bot_speed], rdx ; Guardar el número aleatorio generado en bot_speed
   987                                  
   988                                  	; pop rdx
   989                                  	; ret
   990                                  	; Invertir el valor (mayor número = mayor velocidad)
   991 00000B2C B896000000                  mov rax, 150                ; Valor máximo
   992 00000B31 4829D0                      sub rax, rdx                ; Restar el número generado (100-150)
   993 00000B34 4883C064                    add rax, 100                ; Ajustar nuevamente al rango 50-100
   994 00000B38 488905(29000000)            mov [bot_speed], rax        ; Guardar el número invertido
   995 00000B3F 5A                          pop rdx
   996 00000B40 C3                          ret
   997                                  
   998                                  
   999                                  ; Función: move_bot
  1000                                  ; Mueve el bot en la dirección definida
  1001                                  ; Return:
  1002                                  ;   void
  1003                                  move_bot:
  1004                                  
  1005 00000B41 50                      	push rax
  1006 00000B42 51                      	push rcx
  1007                                  
  1008 00000B43 4C8B1D(680A0000)        	mov r11, [colj]              ; Cargar el valor de la variable `colj` en r11
  1009 00000B4A 4983FB01                	cmp r11, 1                   ; Comparar el valor de `colj` con 1
  1010 00000B4E 0F8460070000            	je .endp                     ; Si `colj` es igual a 1, saltar al final de la función
  1011                                      
  1012 00000B54 4883FF02                	cmp rdi, up_direction					; Comparar el valor de rdi (dirección) con left_direction
  1013 00000B58 7423                    	je .move_up						; Si no es igual a left_direction, saltar a .move_right
  1014                                  
  1015 00000B5A 4883FF03                	cmp rdi, down_direction
  1016 00000B5E 0F8476020000            	je .move_down
  1017                                  
  1018 00000B64 4883FF01                	cmp rdi, right_direction
  1019 00000B68 0F8477060000            	je .move_right
  1020                                  
  1021 00000B6E 4883FFFF                	cmp rdi, left_direction
  1022 00000B72 0F84C2040000            	je .move_left
  1023                                  
  1024                                  	; Si no coincide con ninguna dirección, salir
  1025 00000B78 E937070000                  jmp .endp
  1026                                  							 
  1027                                  	.move_up:
  1028 00000B7D 4C8B15(180A0000)        		mov r10, [bot_position]
  1029                                  
  1030                                  		; INICIO DE COMPARACIONES PARA LAS COLISIONES
  1031 00000B84 4981FA[61020000]        		cmp r10, board + 109 + ((column_cells + 2) * 4)
  1032 00000B8B 0F8C23070000            		jl .endp
  1033                                  
  1034 00000B91 4981FA[76040000]        		cmp r10, board + 82 + ((column_cells + 2) * 9)
  1035 00000B98 0F8416070000            		je .endp 
  1036 00000B9E 4981FA[77040000]        		cmp r10, board + 83 + ((column_cells + 2) * 9)
  1037 00000BA5 0F8409070000            		je .endp
  1038 00000BAB 4981FA[78040000]        		cmp r10, board + 84 + ((column_cells + 2) * 9)
  1039 00000BB2 0F84FC060000            		je .endp
  1040 00000BB8 4981FA[79040000]        		cmp r10, board + 85 + ((column_cells + 2) * 9)
  1041 00000BBF 0F84EF060000            		je .endp
  1042 00000BC5 4981FA[7A040000]        		cmp r10, board + 86 + ((column_cells + 2) * 9)
  1043 00000BCC 0F84E2060000            		je .endp
  1044 00000BD2 4981FA[7B040000]        		cmp r10, board + 87 + ((column_cells + 2) * 9)
  1045 00000BD9 0F84D5060000            		je .endp
  1046 00000BDF 4981FA[7C040000]        		cmp r10, board + 88 + ((column_cells + 2) * 9)
  1047 00000BE6 0F84C8060000            		je .endp
  1048 00000BEC 4981FA[7D040000]        		cmp r10, board + 89 + ((column_cells + 2) * 9)
  1049 00000BF3 0F84BB060000            		je .endp
  1050 00000BF9 4981FA[7E040000]        		cmp r10, board + 90 + ((column_cells + 2) * 9)
  1051 00000C00 0F84AE060000            		je .endp
  1052 00000C06 4981FA[7F040000]        		cmp r10, board + 91 + ((column_cells + 2) * 9)
  1053 00000C0D 0F84A1060000            		je .endp
  1054 00000C13 4981FA[80040000]        		cmp r10, board + 92 + ((column_cells + 2) * 9)
  1055 00000C1A 0F8494060000            		je .endp
  1056 00000C20 4981FA[81040000]        		cmp r10, board + 93 + ((column_cells + 2) * 9)
  1057 00000C27 0F8487060000            		je .endp
  1058 00000C2D 4981FA[82040000]        		cmp r10, board + 94 + ((column_cells + 2) * 9)
  1059 00000C34 0F847A060000            		je .endp
  1060 00000C3A 4981FA[83040000]        		cmp r10, board + 95 + ((column_cells + 2) * 9)
  1061 00000C41 0F846D060000            		je .endp
  1062 00000C47 4981FA[84040000]        		cmp r10, board + 96 + ((column_cells + 2) * 9)
  1063 00000C4E 0F8460060000            		je .endp
  1064 00000C54 4981FA[85040000]        		cmp r10, board + 97 + ((column_cells + 2) * 9)
  1065 00000C5B 0F8453060000            		je .endp
  1066 00000C61 4981FA[86040000]        		cmp r10, board + 98 + ((column_cells + 2) * 9)
  1067 00000C68 0F8446060000            		je .endp
  1068 00000C6E 4981FA[87040000]        		cmp r10, board + 99 + ((column_cells + 2) * 9)
  1069 00000C75 0F8439060000            		je .endp
  1070                                  
  1071 00000C7B 4981FA[AA060000]        		cmp r10, board + 86 + ((column_cells + 2) * 14)
  1072 00000C82 0F842C060000            		je .endp
  1073 00000C88 4981FA[AB060000]        		cmp r10, board + 87 + ((column_cells + 2) * 14)
  1074 00000C8F 0F841F060000            		je .endp
  1075 00000C95 4981FA[AC060000]        		cmp r10, board + 88 + ((column_cells + 2) * 14)
  1076 00000C9C 0F8412060000            		je .endp
  1077 00000CA2 4981FA[AD060000]        		cmp r10, board + 89 + ((column_cells + 2) * 14)
  1078 00000CA9 0F8405060000            		je .endp
  1079 00000CAF 4981FA[AE060000]        		cmp r10, board + 90 + ((column_cells + 2) * 14)
  1080 00000CB6 0F84F8050000            		je .endp
  1081 00000CBC 4981FA[AF060000]        		cmp r10, board + 91 + ((column_cells + 2) * 14)
  1082 00000CC3 0F84EB050000            		je .endp
  1083 00000CC9 4981FA[B0060000]        		cmp r10, board + 92 + ((column_cells + 2) * 14)
  1084 00000CD0 0F84DE050000            		je .endp
  1085 00000CD6 4981FA[B1060000]        		cmp r10, board + 93 + ((column_cells + 2) * 14)
  1086 00000CDD 0F84D1050000            		je .endp
  1087 00000CE3 4981FA[B2060000]        		cmp r10, board + 94 + ((column_cells + 2) * 14)
  1088 00000CEA 0F84C4050000            		je .endp
  1089 00000CF0 4981FA[B3060000]        		cmp r10, board + 95 + ((column_cells + 2) * 14)
  1090 00000CF7 0F84B7050000            		je .endp
  1091 00000CFD 4981FA[B4060000]        		cmp r10, board + 96 + ((column_cells + 2) * 14)
  1092 00000D04 0F84AA050000            		je .endp
  1093 00000D0A 4981FA[B5060000]        		cmp r10, board + 97 + ((column_cells + 2) * 14)
  1094 00000D11 0F849D050000            		je .endp
  1095 00000D17 4981FA[B6060000]        		cmp r10, board + 98 + ((column_cells + 2) * 14)
  1096 00000D1E 0F8490050000            		je .endp
  1097 00000D24 4981FA[B7060000]        		cmp r10, board + 99 + ((column_cells + 2) * 14)
  1098 00000D2B 0F8483050000            		je .endp
  1099 00000D31 4981FA[B8060000]        		cmp r10, board + 100 + ((column_cells + 2) * 14)
  1100 00000D38 0F8476050000            		je .endp
  1101 00000D3E 4981FA[B9060000]        		cmp r10, board + 101 + ((column_cells + 2) * 14)
  1102 00000D45 0F8469050000            		je .endp
  1103 00000D4B 4981FA[BA060000]        		cmp r10, board + 102 + ((column_cells + 2) * 14)
  1104 00000D52 0F845C050000            		je .endp
  1105 00000D58 4981FA[BB060000]        		cmp r10, board + 103 + ((column_cells + 2) * 14)
  1106 00000D5F 0F844F050000            		je .endp
  1107 00000D65 4981FA[BC060000]        		cmp r10, board + 104 + ((column_cells + 2) * 14)
  1108 00000D6C 0F8442050000            		je .endp
  1109 00000D72 4981FA[BD060000]        		cmp r10, board + 105 + ((column_cells + 2) * 14)
  1110 00000D79 0F8435050000            		je .endp
  1111 00000D7F 4981FA[BE060000]        		cmp r10, board + 106 + ((column_cells + 2) * 14)
  1112 00000D86 0F8428050000            		je .endp
  1113 00000D8C 4981FA[BF060000]        		cmp r10, board + 107 + ((column_cells + 2) * 14)
  1114 00000D93 0F841B050000            		je .endp
  1115 00000D99 4981FA[C0060000]        		cmp r10, board + 108 + ((column_cells + 2) * 14)
  1116 00000DA0 0F840E050000            		je .endp
  1117                                  
  1118 00000DA6 4981FA[1D080000]        		cmp r10, board + 9 + ((column_cells + 2) * 18)  ; Comparar con 81
  1119 00000DAD 7E0B                    		jle .fuera_rango  ; Si rax <= 81, salir
  1120                                  
  1121 00000DAF 4981FA[78080000]        		cmp r10, board + 100 + ((column_cells + 2) * 18) ; Comparar con 100
  1122 00000DB6 7D02                    		jge .fuera_rango  ; Si rax >= 100, salir
  1123                                  
  1124                                  		; Aquí entra si 81 < r10 < 100
  1125 00000DB8 EB1B                    		jmp .continuar    
  1126                                  
  1127                                  		.fuera_rango:
  1128 00000DBA 4C8B0D(000A0000)        			mov r9, [pallet_size]
  1129 00000DC1 41C60220                			mov byte [r10], char_space	; Limpiar último carácter del palet
  1130 00000DC5 4983EA70                			sub r10, 112						; Mover una fila arriba (restar 320)
  1131 00000DC9 4C8915(180A0000)        			mov [bot_position], r10			; Actualizar posición
  1132                                  
  1133 00000DD0 E9DF040000              		jmp .endp
  1134                                  
  1135                                  		.continuar:
  1136 00000DD5 E9DA040000              			jmp .endp
  1137                                  
  1138                                  	.move_down:
  1139                                  
  1140 00000DDA 4C8B15(180A0000)        		mov r10, [bot_position]
  1141                                  
  1142 00000DE1 4981FA[EA040000]        		cmp r10, board + 86 + ((column_cells + 2) * 10)  
  1143 00000DE8 0F84C6040000            		je .endp
  1144 00000DEE 4981FA[EB040000]        		cmp r10, board + 87 + ((column_cells + 2) * 10)  
  1145 00000DF5 0F84B9040000            		je .endp
  1146 00000DFB 4981FA[EC040000]        		cmp r10, board + 88 + ((column_cells + 2) * 10)  
  1147 00000E02 0F84AC040000            		je .endp
  1148 00000E08 4981FA[ED040000]        		cmp r10, board + 89 + ((column_cells + 2) * 10)  
  1149 00000E0F 0F849F040000            		je .endp
  1150 00000E15 4981FA[EE040000]        		cmp r10, board + 90 + ((column_cells + 2) * 10)  
  1151 00000E1C 0F8492040000            		je .endp
  1152 00000E22 4981FA[EF040000]        		cmp r10, board + 91 + ((column_cells + 2) * 10)  
  1153 00000E29 0F8485040000            		je .endp
  1154 00000E2F 4981FA[F0040000]        		cmp r10, board + 92 + ((column_cells + 2) * 10)  
  1155 00000E36 0F8478040000            		je .endp
  1156 00000E3C 4981FA[F1040000]        		cmp r10, board + 93 + ((column_cells + 2) * 10)  
  1157 00000E43 0F846B040000            		je .endp
  1158 00000E49 4981FA[F2040000]        		cmp r10, board + 94 + ((column_cells + 2) * 10)  
  1159 00000E50 0F845E040000            		je .endp
  1160 00000E56 4981FA[F3040000]        		cmp r10, board + 95 + ((column_cells + 2) * 10)  
  1161 00000E5D 0F8451040000            		je .endp
  1162 00000E63 4981FA[F4040000]        		cmp r10, board + 96 + ((column_cells + 2) * 10)  
  1163 00000E6A 0F8444040000            		je .endp
  1164 00000E70 4981FA[F5040000]        		cmp r10, board + 97 + ((column_cells + 2) * 10)  
  1165 00000E77 0F8437040000            		je .endp
  1166 00000E7D 4981FA[F6040000]        		cmp r10, board + 98 + ((column_cells + 2) * 10)  
  1167 00000E84 0F842A040000            		je .endp
  1168 00000E8A 4981FA[F7040000]        		cmp r10, board + 99 + ((column_cells + 2) * 10)  
  1169 00000E91 0F841D040000            		je .endp
  1170 00000E97 4981FA[F8040000]        		cmp r10, board + 100 + ((column_cells + 2) * 10)  
  1171 00000E9E 0F8410040000            		je .endp
  1172 00000EA4 4981FA[F9040000]        		cmp r10, board + 101 + ((column_cells + 2) * 10)  
  1173 00000EAB 0F8403040000            		je .endp
  1174 00000EB1 4981FA[FA040000]        		cmp r10, board + 102 + ((column_cells + 2) * 10)  
  1175 00000EB8 0F84F6030000            		je .endp
  1176 00000EBE 4981FA[FB040000]        		cmp r10, board + 103 + ((column_cells + 2) * 10)  
  1177 00000EC5 0F84E9030000            		je .endp
  1178 00000ECB 4981FA[FC040000]        		cmp r10, board + 104 + ((column_cells + 2) * 10)  
  1179 00000ED2 0F84DC030000            		je .endp
  1180 00000ED8 4981FA[FD040000]        		cmp r10, board + 105 + ((column_cells + 2) * 10)  
  1181 00000EDF 0F84CF030000            		je .endp
  1182 00000EE5 4981FA[FE040000]        		cmp r10, board + 106 + ((column_cells + 2) * 10)  
  1183 00000EEC 0F84C2030000            		je .endp
  1184 00000EF2 4981FA[FF040000]        		cmp r10, board + 107 + ((column_cells + 2) * 10)  
  1185 00000EF9 0F84B5030000            		je .endp
  1186 00000EFF 4981FA[00050000]        		cmp r10, board + 108 + ((column_cells + 2) * 10)  
  1187 00000F06 0F84A8030000            		je .endp
  1188                                  
  1189 00000F0C 4981FA[16070000]        		cmp r10, board + 82 + ((column_cells + 2) * 15)
  1190 00000F13 0F849B030000            		je .endp
  1191 00000F19 4981FA[17070000]        		cmp r10, board + 83 + ((column_cells + 2) * 15)
  1192 00000F20 0F848E030000            		je .endp
  1193 00000F26 4981FA[18070000]        		cmp r10, board + 84 + ((column_cells + 2) * 15)
  1194 00000F2D 0F8481030000            		je .endp
  1195 00000F33 4981FA[19070000]        		cmp r10, board + 85 + ((column_cells + 2) * 15)
  1196 00000F3A 0F8474030000            		je .endp
  1197 00000F40 4981FA[1A070000]        		cmp r10, board + 86 + ((column_cells + 2) * 15)
  1198 00000F47 0F8467030000            		je .endp
  1199 00000F4D 4981FA[1B070000]        		cmp r10, board + 87 + ((column_cells + 2) * 15)
  1200 00000F54 0F845A030000            		je .endp
  1201 00000F5A 4981FA[1C070000]        		cmp r10, board + 88 + ((column_cells + 2) * 15)
  1202 00000F61 0F844D030000            		je .endp
  1203 00000F67 4981FA[1D070000]        		cmp r10, board + 89 + ((column_cells + 2) * 15)
  1204 00000F6E 0F8440030000            		je .endp
  1205 00000F74 4981FA[1E070000]        		cmp r10, board + 90 + ((column_cells + 2) * 15)
  1206 00000F7B 0F8433030000            		je .endp
  1207 00000F81 4981FA[1F070000]        		cmp r10, board + 91 + ((column_cells + 2) * 15)
  1208 00000F88 0F8426030000            		je .endp
  1209 00000F8E 4981FA[20070000]        		cmp r10, board + 92 + ((column_cells + 2) * 15)
  1210 00000F95 0F8419030000            		je .endp
  1211 00000F9B 4981FA[21070000]        		cmp r10, board + 93 + ((column_cells + 2) * 15)
  1212 00000FA2 0F840C030000            		je .endp
  1213 00000FA8 4981FA[22070000]        		cmp r10, board + 94 + ((column_cells + 2) * 15)
  1214 00000FAF 0F84FF020000            		je .endp
  1215 00000FB5 4981FA[23070000]        		cmp r10, board + 95 + ((column_cells + 2) * 15)
  1216 00000FBC 0F84F2020000            		je .endp
  1217 00000FC2 4981FA[24070000]        		cmp r10, board + 96 + ((column_cells + 2) * 15)
  1218 00000FC9 0F84E5020000            		je .endp
  1219 00000FCF 4981FA[25070000]        		cmp r10, board + 97 + ((column_cells + 2) * 15)
  1220 00000FD6 0F84D8020000            		je .endp
  1221 00000FDC 4981FA[26070000]        		cmp r10, board + 98 + ((column_cells + 2) * 15)
  1222 00000FE3 0F84CB020000            		je .endp
  1223 00000FE9 4981FA[27070000]        		cmp r10, board + 99 + ((column_cells + 2) * 15)
  1224 00000FF0 0F84BE020000            		je .endp
  1225                                  		
  1226 00000FF6 4981FA[F4080000]        		cmp r10, board + ((column_cells + 2) * 20)
  1227 00000FFD 0F8FB1020000            		jg .endp
  1228                                  
  1229                                  
  1230 00001003 4981FA[DD020000]        		cmp r10, board + 9 + ((column_cells + 2) * 6)  
  1231 0000100A 7E0E                    		jle .fuera_rango_down  ; Si rax <= 81, salir
  1232                                  
  1233 0000100C 4981FA[38030000]        		cmp r10, board + 100 + ((column_cells + 2) * 6) 
  1234 00001013 7D05                    		jge .fuera_rango_down  ; Si rax >= 100, salir
  1235                                  
  1236                                  		
  1237                                  
  1238                                  		; Aquí entra si 81 < r10 < 100
  1239 00001015 E9BBFDFFFF              		jmp .continuar    
  1240                                  
  1241                                  		.fuera_rango_down:
  1242 0000101A 4C8B0D(000A0000)        			mov r9, [pallet_size]
  1243 00001021 41C60220                			mov byte [r10], char_space	; Limpiar último carácter del palet
  1244 00001025 4983C270                			add r10, 112							; Mover una fila abajo (sumar 320)
  1245 00001029 4C8915(180A0000)        			mov [bot_position], r10			; Actualizar posición
  1246                                  
  1247                                  
  1248 00001030 E97F020000              		jmp .endp	
  1249                                  
  1250                                  		.continuar_down:
  1251 00001035 E97A020000              			jmp .endp
  1252                                  
  1253                                  
  1254                                  
  1255                                  		
  1256                                  		
  1257                                  
  1258                                  	.move_left:
  1259                                  
  1260 0000103A 4C8B1D(680A0000)        		mov r11, [colj]
  1261 00001041 4983FB01                		cmp r11, 1
  1262 00001045 0F8469020000            		je .endp
  1263                                  
  1264 0000104B 4C8B15(180A0000)        		mov r10, [bot_position]
  1265                                  
  1266                                  		; INICIO DE COMPARACIONES PARA LAS COLISIONES
  1267 00001052 4981FA[F5010000]        		cmp r10, board + 1 + ((column_cells + 2) * 4)
  1268 00001059 0F8455020000            		je .endp 
  1269                                  
  1270 0000105F 4981FA[65020000]        		cmp r10, board + 1 + ((column_cells + 2) * 5)
  1271 00001066 0F8448020000            		je .endp 
  1272                                  
  1273 0000106C 4981FA[D5020000]        		cmp r10, board + 1 + ((column_cells + 2) * 6)
  1274 00001073 0F843B020000            		je .endp 
  1275                                  
  1276 00001079 4981FA[45030000]        		cmp r10, board + 1 + ((column_cells + 2) * 7)
  1277 00001080 0F842E020000            		je .endp 
  1278                                  
  1279 00001086 4981FA[B5030000]        		cmp r10, board + 1 + ((column_cells + 2) * 8)
  1280 0000108D 0F8421020000            		je .endp 
  1281                                  
  1282 00001093 4981FA[25040000]        		cmp r10, board + 1 + ((column_cells + 2) * 9)
  1283 0000109A 0F8414020000            		je .endp 
  1284                                  	
  1285 000010A0 4981FA[95040000]        		cmp r10, board + 1 + ((column_cells + 2) * 10)
  1286 000010A7 0F8407020000            		je .endp 
  1287                                  
  1288 000010AD 4981FA[05050000]        		cmp r10, board + 1 + ((column_cells + 2) * 11)
  1289 000010B4 0F84FA010000            		je .endp 
  1290                                  
  1291 000010BA 4981FA[75050000]        		cmp r10, board + 1 + ((column_cells + 2) * 12)
  1292 000010C1 0F84ED010000            		je .endp 
  1293                                  
  1294 000010C7 4981FA[75050000]        		cmp r10, board + 1 + ((column_cells + 2) * 12)
  1295 000010CE 0F84E0010000            		je .endp 
  1296                                  
  1297 000010D4 4981FA[E5050000]        		cmp r10, board + 1 + ((column_cells + 2) * 13)
  1298 000010DB 0F84D3010000            		je .endp 
  1299                                  
  1300 000010E1 4981FA[55060000]        		cmp r10, board + 1 + ((column_cells + 2) * 14)
  1301 000010E8 0F84C6010000            		je .endp 
  1302                                  
  1303 000010EE 4981FA[C5060000]        		cmp r10, board + 1 + ((column_cells + 2) * 15)
  1304 000010F5 0F84B9010000            		je .endp 
  1305                                  
  1306 000010FB 4981FA[35070000]        		cmp r10, board + 1 + ((column_cells + 2) * 16)
  1307 00001102 0F84AC010000            		je .endp 
  1308                                  
  1309 00001108 4981FA[A5070000]        		cmp r10, board + 1 + ((column_cells + 2) * 17)
  1310 0000110F 0F849F010000            		je .endp 
  1311                                  
  1312 00001115 4981FA[15080000]        		cmp r10, board + 1 + ((column_cells + 2) * 18)
  1313 0000111C 0F8492010000            		je .endp 
  1314                                  
  1315 00001122 4981FA[85080000]        		cmp r10, board + 1 + ((column_cells + 2) * 19)
  1316 00001129 0F8485010000            		je .endp
  1317                                  
  1318 0000112F 4981FA[F5080000]        		cmp r10, board + 1 + ((column_cells + 2) * 20)
  1319 00001136 0F8478010000            		je .endp
  1320                                  
  1321 0000113C 4981FA[A8030000]        		cmp r10, board + 100 + ((column_cells + 2) * 7)
  1322 00001143 0F846B010000            		je .endp
  1323                                  
  1324 00001149 4981FA[18040000]        		cmp r10, board + 100 + ((column_cells + 2) * 8)
  1325 00001150 0F845E010000            		je .endp
  1326                                  
  1327 00001156 4981FA[76040000]        		cmp r10, board + 82 + ((column_cells + 2) * 9)
  1328 0000115D 0F8451010000            		je .endp
  1329                                  
  1330                                  		;-----COLISION PARTE INTERNA DE LA CURVA-----
  1331 00001163 4981FA[E6040000]        		cmp r10, board + 82 + ((column_cells + 2) * 10)
  1332 0000116A 0F8444010000            		je .endp
  1333                                  
  1334 00001170 4981FA[56050000]        		cmp r10, board + 82 + ((column_cells + 2) * 11)
  1335 00001177 0F8437010000            		je .endp
  1336                                  
  1337 0000117D 4981FA[C6050000]        		cmp r10, board + 82 + ((column_cells + 2) * 12)
  1338 00001184 0F842A010000            		je .endp
  1339                                  
  1340 0000118A 4981FA[36060000]        		cmp r10, board + 82 + ((column_cells + 2) * 13)
  1341 00001191 0F841D010000            		je .endp
  1342                                  
  1343 00001197 4981FA[A6060000]        		cmp r10, board + 82 + ((column_cells + 2) * 14)
  1344 0000119E 0F8410010000            		je .endp
  1345                                  
  1346 000011A4 4981FA[16070000]        		cmp r10, board + 82 + ((column_cells + 2) * 15)
  1347 000011AB 0F8403010000            		je .endp
  1348                                  		;---FIN COLISION PARTE INTERNA DE LA CURVA----
  1349                                  
  1350 000011B1 4981FA[98070000]        		cmp r10, board + 100 + ((column_cells + 2) * 16)
  1351 000011B8 0F84F6000000            		je .endp
  1352                                  
  1353 000011BE 4981FA[08080000]        		cmp r10, board + 100 + ((column_cells + 2) * 17)
  1354 000011C5 0F84E9000000            		je .endp
  1355                                  
  1356 000011CB 4C8B0D(000A0000)        		mov r9, [pallet_size]
  1357 000011D2 41C60220                		mov byte [r10], char_space	; Limpiar el último carácter del palet
  1358 000011D6 49FFCA                  		dec r10								; Mover la posición del palet una unidad a la izquierda
  1359 000011D9 4C8915(180A0000)        		mov [bot_position], r10			; Actualizar la posición del palet en la memoria
  1360                                  
  1361 000011E0 E9CF000000              		jmp .endp	
  1362                                  							 
  1363                                  	.move_right:
  1364                                  
  1365 000011E5 4C8B1D(680A0000)        		mov r11, [colj]
  1366 000011EC 4983FB02                		cmp r11, 2
  1367 000011F0 0F84BE000000            		je .endp
  1368                                  
  1369 000011F6 4C8B15(180A0000)        		mov r10, [bot_position]
  1370                                  
  1371                                  		
  1372 000011FD 4981FA[60020000]        		cmp r10, board + 108 + ((column_cells + 2) * 4)
  1373 00001204 0F84AA000000            		je .endp
  1374                                  
  1375 0000120A 4981FA[D0020000]        		cmp r10, board + 108 + ((column_cells + 2) * 5)
  1376 00001211 0F849D000000            		je .endp
  1377                                  
  1378 00001217 4981FA[40030000]        		cmp r10, board + 108 + ((column_cells + 2) * 6)
  1379 0000121E 0F8490000000            		je .endp
  1380                                  
  1381 00001224 4981FA[B0030000]        		cmp r10, board + 108 + ((column_cells + 2) * 7)
  1382 0000122B 0F8483000000            		je .endp
  1383                                  
  1384 00001231 4981FA[20040000]        		cmp r10, board + 108 + ((column_cells + 2) * 8)
  1385 00001238 747A                    		je .endp
  1386                                  
  1387 0000123A 4981FA[90040000]        		cmp r10, board + 108 + ((column_cells + 2) * 9)
  1388 00001241 7471                    		je .endp
  1389                                  
  1390 00001243 4981FA[00050000]        		cmp r10, board + 108 + ((column_cells + 2) * 10)
  1391 0000124A 7468                    		je .endp
  1392                                  
  1393 0000124C 4981FA[59050000]        		cmp r10, board + 85 + ((column_cells + 2) * 11)
  1394 00001253 745F                    		je .endp
  1395                                  
  1396 00001255 4981FA[C9050000]        		cmp r10, board + 85 + ((column_cells + 2) * 12)
  1397 0000125C 7456                    		je .endp
  1398                                  
  1399 0000125E 4981FA[39060000]        		cmp r10, board + 85 + ((column_cells + 2) * 13)
  1400 00001265 744D                    		je .endp
  1401                                  
  1402 00001267 4981FA[C0060000]        		cmp r10, board + 108 + ((column_cells + 2) * 14)
  1403 0000126E 7444                    		je .endp
  1404                                  
  1405 00001270 4981FA[30070000]        		cmp r10, board + 108 + ((column_cells + 2) * 15)
  1406 00001277 743B                    		je .endp
  1407                                  
  1408 00001279 4981FA[A0070000]        		cmp r10, board + 108 + ((column_cells + 2) * 16)
  1409 00001280 7432                    		je .endp
  1410                                  
  1411 00001282 4981FA[10080000]        		cmp r10, board + 108 + ((column_cells + 2) * 17)
  1412 00001289 7429                    		je .endp
  1413                                  
  1414 0000128B 4981FA[80080000]        		cmp r10, board + 108 + ((column_cells + 2) * 18)
  1415 00001292 7420                    		je .endp
  1416                                  
  1417 00001294 4981FA[F0080000]        		cmp r10, board + 108 + ((column_cells + 2) * 19)
  1418 0000129B 7417                    		je .endp
  1419                                  
  1420 0000129D 4981FA[60090000]        		cmp r10, board + 108 + ((column_cells + 2) * 20)
  1421 000012A4 740E                    		je .endp
  1422                                  
  1423 000012A6 41C60220                		mov byte [r10], char_space
  1424 000012AA 49FFC2                  		inc r10
  1425 000012AD 4C8915(180A0000)        		mov [bot_position], r10
  1426                                   
  1427                                  	.endp:
  1428 000012B4 48C705(680A0000)00-     		mov qword [colj], 0
  1428 000012BC 000000             
  1429                                  
  1430 000012BF 58                      	pop rax
  1431 000012C0 59                      	pop rcx
  1432                                  	 
  1433 000012C1 C3                      	ret
  1434                                  
  1435                                  
  1436                                  
  1437                                  ; Función: move_bot2
  1438                                  ; Mueve el bot en la dirección definida
  1439                                  ; Return:
  1440                                  ;   void
  1441                                  move_bot2:
  1442                                  
  1443 000012C2 50                      	push rax
  1444 000012C3 51                      	push rcx
  1445                                  
  1446 000012C4 4C8B1D(680A0000)        	mov r11, [colj]              ; Cargar el valor de la variable `colj` en r11
  1447 000012CB 4983FB01                	cmp r11, 1                   ; Comparar el valor de `colj` con 1
  1448 000012CF 0F8460070000            	je .endp                     ; Si `colj` es igual a 1, saltar al final de la función
  1449                                      
  1450 000012D5 4883FF02                	cmp rdi, up_direction					; Comparar el valor de rdi (dirección) con left_direction
  1451 000012D9 7423                    	je .move_up						; Si no es igual a left_direction, saltar a .move_right
  1452                                  
  1453 000012DB 4883FF03                	cmp rdi, down_direction
  1454 000012DF 0F8476020000            	je .move_down
  1455                                  
  1456 000012E5 4883FF01                	cmp rdi, right_direction
  1457 000012E9 0F8477060000            	je .move_right
  1458                                  
  1459 000012EF 4883FFFF                	cmp rdi, left_direction
  1460 000012F3 0F84C2040000            	je .move_left
  1461                                  
  1462                                  	; Si no coincide con ninguna dirección, salir
  1463 000012F9 E937070000                  jmp .endp
  1464                                  							 
  1465                                  	.move_up:
  1466 000012FE 4C8B15(200A0000)        		mov r10, [bot2_position]
  1467                                  
  1468                                  		; INICIO DE COMPARACIONES PARA LAS COLISIONES
  1469 00001305 4981FA[61020000]        		cmp r10, board + 109 + ((column_cells + 2) * 4)
  1470 0000130C 0F8C23070000            		jl .endp
  1471                                  
  1472 00001312 4981FA[76040000]        		cmp r10, board + 82 + ((column_cells + 2) * 9)
  1473 00001319 0F8416070000            		je .endp 
  1474 0000131F 4981FA[77040000]        		cmp r10, board + 83 + ((column_cells + 2) * 9)
  1475 00001326 0F8409070000            		je .endp
  1476 0000132C 4981FA[78040000]        		cmp r10, board + 84 + ((column_cells + 2) * 9)
  1477 00001333 0F84FC060000            		je .endp
  1478 00001339 4981FA[79040000]        		cmp r10, board + 85 + ((column_cells + 2) * 9)
  1479 00001340 0F84EF060000            		je .endp
  1480 00001346 4981FA[7A040000]        		cmp r10, board + 86 + ((column_cells + 2) * 9)
  1481 0000134D 0F84E2060000            		je .endp
  1482 00001353 4981FA[7B040000]        		cmp r10, board + 87 + ((column_cells + 2) * 9)
  1483 0000135A 0F84D5060000            		je .endp
  1484 00001360 4981FA[7C040000]        		cmp r10, board + 88 + ((column_cells + 2) * 9)
  1485 00001367 0F84C8060000            		je .endp
  1486 0000136D 4981FA[7D040000]        		cmp r10, board + 89 + ((column_cells + 2) * 9)
  1487 00001374 0F84BB060000            		je .endp
  1488 0000137A 4981FA[7E040000]        		cmp r10, board + 90 + ((column_cells + 2) * 9)
  1489 00001381 0F84AE060000            		je .endp
  1490 00001387 4981FA[7F040000]        		cmp r10, board + 91 + ((column_cells + 2) * 9)
  1491 0000138E 0F84A1060000            		je .endp
  1492 00001394 4981FA[80040000]        		cmp r10, board + 92 + ((column_cells + 2) * 9)
  1493 0000139B 0F8494060000            		je .endp
  1494 000013A1 4981FA[81040000]        		cmp r10, board + 93 + ((column_cells + 2) * 9)
  1495 000013A8 0F8487060000            		je .endp
  1496 000013AE 4981FA[82040000]        		cmp r10, board + 94 + ((column_cells + 2) * 9)
  1497 000013B5 0F847A060000            		je .endp
  1498 000013BB 4981FA[83040000]        		cmp r10, board + 95 + ((column_cells + 2) * 9)
  1499 000013C2 0F846D060000            		je .endp
  1500 000013C8 4981FA[84040000]        		cmp r10, board + 96 + ((column_cells + 2) * 9)
  1501 000013CF 0F8460060000            		je .endp
  1502 000013D5 4981FA[85040000]        		cmp r10, board + 97 + ((column_cells + 2) * 9)
  1503 000013DC 0F8453060000            		je .endp
  1504 000013E2 4981FA[86040000]        		cmp r10, board + 98 + ((column_cells + 2) * 9)
  1505 000013E9 0F8446060000            		je .endp
  1506 000013EF 4981FA[87040000]        		cmp r10, board + 99 + ((column_cells + 2) * 9)
  1507 000013F6 0F8439060000            		je .endp
  1508                                  
  1509 000013FC 4981FA[AA060000]        		cmp r10, board + 86 + ((column_cells + 2) * 14)
  1510 00001403 0F842C060000            		je .endp
  1511 00001409 4981FA[AB060000]        		cmp r10, board + 87 + ((column_cells + 2) * 14)
  1512 00001410 0F841F060000            		je .endp
  1513 00001416 4981FA[AC060000]        		cmp r10, board + 88 + ((column_cells + 2) * 14)
  1514 0000141D 0F8412060000            		je .endp
  1515 00001423 4981FA[AD060000]        		cmp r10, board + 89 + ((column_cells + 2) * 14)
  1516 0000142A 0F8405060000            		je .endp
  1517 00001430 4981FA[AE060000]        		cmp r10, board + 90 + ((column_cells + 2) * 14)
  1518 00001437 0F84F8050000            		je .endp
  1519 0000143D 4981FA[AF060000]        		cmp r10, board + 91 + ((column_cells + 2) * 14)
  1520 00001444 0F84EB050000            		je .endp
  1521 0000144A 4981FA[B0060000]        		cmp r10, board + 92 + ((column_cells + 2) * 14)
  1522 00001451 0F84DE050000            		je .endp
  1523 00001457 4981FA[B1060000]        		cmp r10, board + 93 + ((column_cells + 2) * 14)
  1524 0000145E 0F84D1050000            		je .endp
  1525 00001464 4981FA[B2060000]        		cmp r10, board + 94 + ((column_cells + 2) * 14)
  1526 0000146B 0F84C4050000            		je .endp
  1527 00001471 4981FA[B3060000]        		cmp r10, board + 95 + ((column_cells + 2) * 14)
  1528 00001478 0F84B7050000            		je .endp
  1529 0000147E 4981FA[B4060000]        		cmp r10, board + 96 + ((column_cells + 2) * 14)
  1530 00001485 0F84AA050000            		je .endp
  1531 0000148B 4981FA[B5060000]        		cmp r10, board + 97 + ((column_cells + 2) * 14)
  1532 00001492 0F849D050000            		je .endp
  1533 00001498 4981FA[B6060000]        		cmp r10, board + 98 + ((column_cells + 2) * 14)
  1534 0000149F 0F8490050000            		je .endp
  1535 000014A5 4981FA[B7060000]        		cmp r10, board + 99 + ((column_cells + 2) * 14)
  1536 000014AC 0F8483050000            		je .endp
  1537 000014B2 4981FA[B8060000]        		cmp r10, board + 100 + ((column_cells + 2) * 14)
  1538 000014B9 0F8476050000            		je .endp
  1539 000014BF 4981FA[B9060000]        		cmp r10, board + 101 + ((column_cells + 2) * 14)
  1540 000014C6 0F8469050000            		je .endp
  1541 000014CC 4981FA[BA060000]        		cmp r10, board + 102 + ((column_cells + 2) * 14)
  1542 000014D3 0F845C050000            		je .endp
  1543 000014D9 4981FA[BB060000]        		cmp r10, board + 103 + ((column_cells + 2) * 14)
  1544 000014E0 0F844F050000            		je .endp
  1545 000014E6 4981FA[BC060000]        		cmp r10, board + 104 + ((column_cells + 2) * 14)
  1546 000014ED 0F8442050000            		je .endp
  1547 000014F3 4981FA[BD060000]        		cmp r10, board + 105 + ((column_cells + 2) * 14)
  1548 000014FA 0F8435050000            		je .endp
  1549 00001500 4981FA[BE060000]        		cmp r10, board + 106 + ((column_cells + 2) * 14)
  1550 00001507 0F8428050000            		je .endp
  1551 0000150D 4981FA[BF060000]        		cmp r10, board + 107 + ((column_cells + 2) * 14)
  1552 00001514 0F841B050000            		je .endp
  1553 0000151A 4981FA[C0060000]        		cmp r10, board + 108 + ((column_cells + 2) * 14)
  1554 00001521 0F840E050000            		je .endp
  1555                                  
  1556 00001527 4981FA[1D080000]        		cmp r10, board + 9 + ((column_cells + 2) * 18)  ; Comparar con 81
  1557 0000152E 7E0B                    		jle .fuera_rango  ; Si rax <= 81, salir
  1558                                  
  1559 00001530 4981FA[78080000]        		cmp r10, board + 100 + ((column_cells + 2) * 18) ; Comparar con 100
  1560 00001537 7D02                    		jge .fuera_rango  ; Si rax >= 100, salir
  1561                                  
  1562                                  		; Aquí entra si 81 < r10 < 100
  1563 00001539 EB1B                    		jmp .continuar    
  1564                                  
  1565                                  		.fuera_rango:
  1566 0000153B 4C8B0D(000A0000)        			mov r9, [pallet_size]
  1567 00001542 41C60220                			mov byte [r10], char_space	; Limpiar último carácter del palet
  1568 00001546 4983EA70                			sub r10, 112						; Mover una fila arriba (restar 320)
  1569 0000154A 4C8915(200A0000)        			mov [bot2_position], r10			; Actualizar posición
  1570                                  
  1571 00001551 E9DF040000              		jmp .endp
  1572                                  
  1573                                  		.continuar:
  1574 00001556 E9DA040000              			jmp .endp
  1575                                  
  1576                                  	.move_down:
  1577                                  
  1578 0000155B 4C8B15(200A0000)        		mov r10, [bot2_position]
  1579                                  
  1580 00001562 4981FA[EA040000]        		cmp r10, board + 86 + ((column_cells + 2) * 10)  
  1581 00001569 0F84C6040000            		je .endp
  1582 0000156F 4981FA[EB040000]        		cmp r10, board + 87 + ((column_cells + 2) * 10)  
  1583 00001576 0F84B9040000            		je .endp
  1584 0000157C 4981FA[EC040000]        		cmp r10, board + 88 + ((column_cells + 2) * 10)  
  1585 00001583 0F84AC040000            		je .endp
  1586 00001589 4981FA[ED040000]        		cmp r10, board + 89 + ((column_cells + 2) * 10)  
  1587 00001590 0F849F040000            		je .endp
  1588 00001596 4981FA[EE040000]        		cmp r10, board + 90 + ((column_cells + 2) * 10)  
  1589 0000159D 0F8492040000            		je .endp
  1590 000015A3 4981FA[EF040000]        		cmp r10, board + 91 + ((column_cells + 2) * 10)  
  1591 000015AA 0F8485040000            		je .endp
  1592 000015B0 4981FA[F0040000]        		cmp r10, board + 92 + ((column_cells + 2) * 10)  
  1593 000015B7 0F8478040000            		je .endp
  1594 000015BD 4981FA[F1040000]        		cmp r10, board + 93 + ((column_cells + 2) * 10)  
  1595 000015C4 0F846B040000            		je .endp
  1596 000015CA 4981FA[F2040000]        		cmp r10, board + 94 + ((column_cells + 2) * 10)  
  1597 000015D1 0F845E040000            		je .endp
  1598 000015D7 4981FA[F3040000]        		cmp r10, board + 95 + ((column_cells + 2) * 10)  
  1599 000015DE 0F8451040000            		je .endp
  1600 000015E4 4981FA[F4040000]        		cmp r10, board + 96 + ((column_cells + 2) * 10)  
  1601 000015EB 0F8444040000            		je .endp
  1602 000015F1 4981FA[F5040000]        		cmp r10, board + 97 + ((column_cells + 2) * 10)  
  1603 000015F8 0F8437040000            		je .endp
  1604 000015FE 4981FA[F6040000]        		cmp r10, board + 98 + ((column_cells + 2) * 10)  
  1605 00001605 0F842A040000            		je .endp
  1606 0000160B 4981FA[F7040000]        		cmp r10, board + 99 + ((column_cells + 2) * 10)  
  1607 00001612 0F841D040000            		je .endp
  1608 00001618 4981FA[F8040000]        		cmp r10, board + 100 + ((column_cells + 2) * 10)  
  1609 0000161F 0F8410040000            		je .endp
  1610 00001625 4981FA[F9040000]        		cmp r10, board + 101 + ((column_cells + 2) * 10)  
  1611 0000162C 0F8403040000            		je .endp
  1612 00001632 4981FA[FA040000]        		cmp r10, board + 102 + ((column_cells + 2) * 10)  
  1613 00001639 0F84F6030000            		je .endp
  1614 0000163F 4981FA[FB040000]        		cmp r10, board + 103 + ((column_cells + 2) * 10)  
  1615 00001646 0F84E9030000            		je .endp
  1616 0000164C 4981FA[FC040000]        		cmp r10, board + 104 + ((column_cells + 2) * 10)  
  1617 00001653 0F84DC030000            		je .endp
  1618 00001659 4981FA[FD040000]        		cmp r10, board + 105 + ((column_cells + 2) * 10)  
  1619 00001660 0F84CF030000            		je .endp
  1620 00001666 4981FA[FE040000]        		cmp r10, board + 106 + ((column_cells + 2) * 10)  
  1621 0000166D 0F84C2030000            		je .endp
  1622 00001673 4981FA[FF040000]        		cmp r10, board + 107 + ((column_cells + 2) * 10)  
  1623 0000167A 0F84B5030000            		je .endp
  1624 00001680 4981FA[00050000]        		cmp r10, board + 108 + ((column_cells + 2) * 10)  
  1625 00001687 0F84A8030000            		je .endp
  1626                                  
  1627 0000168D 4981FA[16070000]        		cmp r10, board + 82 + ((column_cells + 2) * 15)
  1628 00001694 0F849B030000            		je .endp
  1629 0000169A 4981FA[17070000]        		cmp r10, board + 83 + ((column_cells + 2) * 15)
  1630 000016A1 0F848E030000            		je .endp
  1631 000016A7 4981FA[18070000]        		cmp r10, board + 84 + ((column_cells + 2) * 15)
  1632 000016AE 0F8481030000            		je .endp
  1633 000016B4 4981FA[19070000]        		cmp r10, board + 85 + ((column_cells + 2) * 15)
  1634 000016BB 0F8474030000            		je .endp
  1635 000016C1 4981FA[1A070000]        		cmp r10, board + 86 + ((column_cells + 2) * 15)
  1636 000016C8 0F8467030000            		je .endp
  1637 000016CE 4981FA[1B070000]        		cmp r10, board + 87 + ((column_cells + 2) * 15)
  1638 000016D5 0F845A030000            		je .endp
  1639 000016DB 4981FA[1C070000]        		cmp r10, board + 88 + ((column_cells + 2) * 15)
  1640 000016E2 0F844D030000            		je .endp
  1641 000016E8 4981FA[1D070000]        		cmp r10, board + 89 + ((column_cells + 2) * 15)
  1642 000016EF 0F8440030000            		je .endp
  1643 000016F5 4981FA[1E070000]        		cmp r10, board + 90 + ((column_cells + 2) * 15)
  1644 000016FC 0F8433030000            		je .endp
  1645 00001702 4981FA[1F070000]        		cmp r10, board + 91 + ((column_cells + 2) * 15)
  1646 00001709 0F8426030000            		je .endp
  1647 0000170F 4981FA[20070000]        		cmp r10, board + 92 + ((column_cells + 2) * 15)
  1648 00001716 0F8419030000            		je .endp
  1649 0000171C 4981FA[21070000]        		cmp r10, board + 93 + ((column_cells + 2) * 15)
  1650 00001723 0F840C030000            		je .endp
  1651 00001729 4981FA[22070000]        		cmp r10, board + 94 + ((column_cells + 2) * 15)
  1652 00001730 0F84FF020000            		je .endp
  1653 00001736 4981FA[23070000]        		cmp r10, board + 95 + ((column_cells + 2) * 15)
  1654 0000173D 0F84F2020000            		je .endp
  1655 00001743 4981FA[24070000]        		cmp r10, board + 96 + ((column_cells + 2) * 15)
  1656 0000174A 0F84E5020000            		je .endp
  1657 00001750 4981FA[25070000]        		cmp r10, board + 97 + ((column_cells + 2) * 15)
  1658 00001757 0F84D8020000            		je .endp
  1659 0000175D 4981FA[26070000]        		cmp r10, board + 98 + ((column_cells + 2) * 15)
  1660 00001764 0F84CB020000            		je .endp
  1661 0000176A 4981FA[27070000]        		cmp r10, board + 99 + ((column_cells + 2) * 15)
  1662 00001771 0F84BE020000            		je .endp
  1663                                  		
  1664 00001777 4981FA[F4080000]        		cmp r10, board + ((column_cells + 2) * 20)
  1665 0000177E 0F8FB1020000            		jg .endp
  1666                                  
  1667                                  
  1668 00001784 4981FA[DD020000]        		cmp r10, board + 9 + ((column_cells + 2) * 6)  
  1669 0000178B 7E0E                    		jle .fuera_rango_down  ; Si rax <= 81, salir
  1670                                  
  1671 0000178D 4981FA[38030000]        		cmp r10, board + 100 + ((column_cells + 2) * 6) 
  1672 00001794 7D05                    		jge .fuera_rango_down  ; Si rax >= 100, salir
  1673                                  
  1674                                  		
  1675                                  
  1676                                  		; Aquí entra si 81 < r10 < 100
  1677 00001796 E9BBFDFFFF              		jmp .continuar    
  1678                                  
  1679                                  		.fuera_rango_down:
  1680 0000179B 4C8B0D(000A0000)        			mov r9, [pallet_size]
  1681 000017A2 41C60220                			mov byte [r10], char_space	; Limpiar último carácter del palet
  1682 000017A6 4983C270                			add r10, 112							; Mover una fila abajo (sumar 320)
  1683 000017AA 4C8915(200A0000)        			mov [bot2_position], r10			; Actualizar posición
  1684                                  
  1685                                  
  1686 000017B1 E97F020000              		jmp .endp	
  1687                                  
  1688                                  		.continuar_down:
  1689 000017B6 E97A020000              			jmp .endp
  1690                                  
  1691                                  
  1692                                  
  1693                                  		
  1694                                  		
  1695                                  
  1696                                  	.move_left:
  1697                                  
  1698 000017BB 4C8B1D(680A0000)        		mov r11, [colj]
  1699 000017C2 4983FB01                		cmp r11, 1
  1700 000017C6 0F8469020000            		je .endp
  1701                                  
  1702 000017CC 4C8B15(200A0000)        		mov r10, [bot2_position]
  1703                                  
  1704                                  		; INICIO DE COMPARACIONES PARA LAS COLISIONES
  1705 000017D3 4981FA[F5010000]        		cmp r10, board + 1 + ((column_cells + 2) * 4)
  1706 000017DA 0F8455020000            		je .endp 
  1707                                  
  1708 000017E0 4981FA[65020000]        		cmp r10, board + 1 + ((column_cells + 2) * 5)
  1709 000017E7 0F8448020000            		je .endp 
  1710                                  
  1711 000017ED 4981FA[D5020000]        		cmp r10, board + 1 + ((column_cells + 2) * 6)
  1712 000017F4 0F843B020000            		je .endp 
  1713                                  
  1714 000017FA 4981FA[45030000]        		cmp r10, board + 1 + ((column_cells + 2) * 7)
  1715 00001801 0F842E020000            		je .endp 
  1716                                  
  1717 00001807 4981FA[B5030000]        		cmp r10, board + 1 + ((column_cells + 2) * 8)
  1718 0000180E 0F8421020000            		je .endp 
  1719                                  
  1720 00001814 4981FA[25040000]        		cmp r10, board + 1 + ((column_cells + 2) * 9)
  1721 0000181B 0F8414020000            		je .endp 
  1722                                  	
  1723 00001821 4981FA[95040000]        		cmp r10, board + 1 + ((column_cells + 2) * 10)
  1724 00001828 0F8407020000            		je .endp 
  1725                                  
  1726 0000182E 4981FA[05050000]        		cmp r10, board + 1 + ((column_cells + 2) * 11)
  1727 00001835 0F84FA010000            		je .endp 
  1728                                  
  1729 0000183B 4981FA[75050000]        		cmp r10, board + 1 + ((column_cells + 2) * 12)
  1730 00001842 0F84ED010000            		je .endp 
  1731                                  
  1732 00001848 4981FA[75050000]        		cmp r10, board + 1 + ((column_cells + 2) * 12)
  1733 0000184F 0F84E0010000            		je .endp 
  1734                                  
  1735 00001855 4981FA[E5050000]        		cmp r10, board + 1 + ((column_cells + 2) * 13)
  1736 0000185C 0F84D3010000            		je .endp 
  1737                                  
  1738 00001862 4981FA[55060000]        		cmp r10, board + 1 + ((column_cells + 2) * 14)
  1739 00001869 0F84C6010000            		je .endp 
  1740                                  
  1741 0000186F 4981FA[C5060000]        		cmp r10, board + 1 + ((column_cells + 2) * 15)
  1742 00001876 0F84B9010000            		je .endp 
  1743                                  
  1744 0000187C 4981FA[35070000]        		cmp r10, board + 1 + ((column_cells + 2) * 16)
  1745 00001883 0F84AC010000            		je .endp 
  1746                                  
  1747 00001889 4981FA[A5070000]        		cmp r10, board + 1 + ((column_cells + 2) * 17)
  1748 00001890 0F849F010000            		je .endp 
  1749                                  
  1750 00001896 4981FA[15080000]        		cmp r10, board + 1 + ((column_cells + 2) * 18)
  1751 0000189D 0F8492010000            		je .endp 
  1752                                  
  1753 000018A3 4981FA[85080000]        		cmp r10, board + 1 + ((column_cells + 2) * 19)
  1754 000018AA 0F8485010000            		je .endp
  1755                                  
  1756 000018B0 4981FA[F5080000]        		cmp r10, board + 1 + ((column_cells + 2) * 20)
  1757 000018B7 0F8478010000            		je .endp
  1758                                  
  1759 000018BD 4981FA[A8030000]        		cmp r10, board + 100 + ((column_cells + 2) * 7)
  1760 000018C4 0F846B010000            		je .endp
  1761                                  
  1762 000018CA 4981FA[18040000]        		cmp r10, board + 100 + ((column_cells + 2) * 8)
  1763 000018D1 0F845E010000            		je .endp
  1764                                  
  1765 000018D7 4981FA[76040000]        		cmp r10, board + 82 + ((column_cells + 2) * 9)
  1766 000018DE 0F8451010000            		je .endp
  1767                                  
  1768                                  		;-----COLISION PARTE INTERNA DE LA CURVA-----
  1769 000018E4 4981FA[E6040000]        		cmp r10, board + 82 + ((column_cells + 2) * 10)
  1770 000018EB 0F8444010000            		je .endp
  1771                                  
  1772 000018F1 4981FA[56050000]        		cmp r10, board + 82 + ((column_cells + 2) * 11)
  1773 000018F8 0F8437010000            		je .endp
  1774                                  
  1775 000018FE 4981FA[C6050000]        		cmp r10, board + 82 + ((column_cells + 2) * 12)
  1776 00001905 0F842A010000            		je .endp
  1777                                  
  1778 0000190B 4981FA[36060000]        		cmp r10, board + 82 + ((column_cells + 2) * 13)
  1779 00001912 0F841D010000            		je .endp
  1780                                  
  1781 00001918 4981FA[A6060000]        		cmp r10, board + 82 + ((column_cells + 2) * 14)
  1782 0000191F 0F8410010000            		je .endp
  1783                                  
  1784 00001925 4981FA[16070000]        		cmp r10, board + 82 + ((column_cells + 2) * 15)
  1785 0000192C 0F8403010000            		je .endp
  1786                                  		;---FIN COLISION PARTE INTERNA DE LA CURVA----
  1787                                  
  1788 00001932 4981FA[98070000]        		cmp r10, board + 100 + ((column_cells + 2) * 16)
  1789 00001939 0F84F6000000            		je .endp
  1790                                  
  1791 0000193F 4981FA[08080000]        		cmp r10, board + 100 + ((column_cells + 2) * 17)
  1792 00001946 0F84E9000000            		je .endp
  1793                                  
  1794 0000194C 4C8B0D(000A0000)        		mov r9, [pallet_size]
  1795 00001953 41C60220                		mov byte [r10], char_space	; Limpiar el último carácter del palet
  1796 00001957 49FFCA                  		dec r10								; Mover la posición del palet una unidad a la izquierda
  1797 0000195A 4C8915(200A0000)        		mov [bot2_position], r10			; Actualizar la posición del palet en la memoria
  1798                                  
  1799 00001961 E9CF000000              		jmp .endp	
  1800                                  							 
  1801                                  	.move_right:
  1802                                  
  1803 00001966 4C8B1D(680A0000)        		mov r11, [colj]
  1804 0000196D 4983FB02                		cmp r11, 2
  1805 00001971 0F84BE000000            		je .endp
  1806                                  
  1807 00001977 4C8B15(200A0000)        		mov r10, [bot2_position]
  1808                                  
  1809                                  		
  1810 0000197E 4981FA[60020000]        		cmp r10, board + 108 + ((column_cells + 2) * 4)
  1811 00001985 0F84AA000000            		je .endp
  1812                                  
  1813 0000198B 4981FA[D0020000]        		cmp r10, board + 108 + ((column_cells + 2) * 5)
  1814 00001992 0F849D000000            		je .endp
  1815                                  
  1816 00001998 4981FA[40030000]        		cmp r10, board + 108 + ((column_cells + 2) * 6)
  1817 0000199F 0F8490000000            		je .endp
  1818                                  
  1819 000019A5 4981FA[B0030000]        		cmp r10, board + 108 + ((column_cells + 2) * 7)
  1820 000019AC 0F8483000000            		je .endp
  1821                                  
  1822 000019B2 4981FA[20040000]        		cmp r10, board + 108 + ((column_cells + 2) * 8)
  1823 000019B9 747A                    		je .endp
  1824                                  
  1825 000019BB 4981FA[90040000]        		cmp r10, board + 108 + ((column_cells + 2) * 9)
  1826 000019C2 7471                    		je .endp
  1827                                  
  1828 000019C4 4981FA[00050000]        		cmp r10, board + 108 + ((column_cells + 2) * 10)
  1829 000019CB 7468                    		je .endp
  1830                                  
  1831 000019CD 4981FA[59050000]        		cmp r10, board + 85 + ((column_cells + 2) * 11)
  1832 000019D4 745F                    		je .endp
  1833                                  
  1834 000019D6 4981FA[C9050000]        		cmp r10, board + 85 + ((column_cells + 2) * 12)
  1835 000019DD 7456                    		je .endp
  1836                                  
  1837 000019DF 4981FA[39060000]        		cmp r10, board + 85 + ((column_cells + 2) * 13)
  1838 000019E6 744D                    		je .endp
  1839                                  
  1840 000019E8 4981FA[C0060000]        		cmp r10, board + 108 + ((column_cells + 2) * 14)
  1841 000019EF 7444                    		je .endp
  1842                                  
  1843 000019F1 4981FA[30070000]        		cmp r10, board + 108 + ((column_cells + 2) * 15)
  1844 000019F8 743B                    		je .endp
  1845                                  
  1846 000019FA 4981FA[A0070000]        		cmp r10, board + 108 + ((column_cells + 2) * 16)
  1847 00001A01 7432                    		je .endp
  1848                                  
  1849 00001A03 4981FA[10080000]        		cmp r10, board + 108 + ((column_cells + 2) * 17)
  1850 00001A0A 7429                    		je .endp
  1851                                  
  1852 00001A0C 4981FA[80080000]        		cmp r10, board + 108 + ((column_cells + 2) * 18)
  1853 00001A13 7420                    		je .endp
  1854                                  
  1855 00001A15 4981FA[F0080000]        		cmp r10, board + 108 + ((column_cells + 2) * 19)
  1856 00001A1C 7417                    		je .endp
  1857                                  
  1858 00001A1E 4981FA[60090000]        		cmp r10, board + 108 + ((column_cells + 2) * 20)
  1859 00001A25 740E                    		je .endp
  1860                                  
  1861 00001A27 41C60220                		mov byte [r10], char_space
  1862 00001A2B 49FFC2                  		inc r10
  1863 00001A2E 4C8915(200A0000)        		mov [bot2_position], r10
  1864                                   
  1865                                  	.endp:
  1866 00001A35 48C705(680A0000)00-     		mov qword [colj], 0
  1866 00001A3D 000000             
  1867                                  
  1868 00001A40 58                      	pop rax
  1869 00001A41 59                      	pop rcx
  1870                                  	 
  1871 00001A42 C3                      	ret
  1872                                  
  1873                                  
  1874                                  ; Función: move_bot3
  1875                                  ; Mueve el bot en la dirección definida
  1876                                  ; Return:
  1877                                  ;   void
  1878                                  move_bot3:
  1879                                  
  1880 00001A43 50                      	push rax
  1881 00001A44 51                      	push rcx
  1882                                  
  1883 00001A45 4C8B1D(680A0000)        	mov r11, [colj]              ; Cargar el valor de la variable `colj` en r11
  1884 00001A4C 4983FB01                	cmp r11, 1                   ; Comparar el valor de `colj` con 1
  1885 00001A50 0F8460070000            	je .endp                     ; Si `colj` es igual a 1, saltar al final de la función
  1886                                      
  1887 00001A56 4883FF02                	cmp rdi, up_direction					; Comparar el valor de rdi (dirección) con left_direction
  1888 00001A5A 7423                    	je .move_up						; Si no es igual a left_direction, saltar a .move_right
  1889                                  
  1890 00001A5C 4883FF03                	cmp rdi, down_direction
  1891 00001A60 0F8476020000            	je .move_down
  1892                                  
  1893 00001A66 4883FF01                	cmp rdi, right_direction
  1894 00001A6A 0F8477060000            	je .move_right
  1895                                  
  1896 00001A70 4883FFFF                	cmp rdi, left_direction
  1897 00001A74 0F84C2040000            	je .move_left
  1898                                  
  1899                                  	; Si no coincide con ninguna dirección, salir
  1900 00001A7A E937070000                  jmp .endp
  1901                                  							 
  1902                                  	.move_up:
  1903 00001A7F 4C8B15(300A0000)        		mov r10, [bot3_position]
  1904                                  
  1905                                  		; INICIO DE COMPARACIONES PARA LAS COLISIONES
  1906 00001A86 4981FA[61020000]        		cmp r10, board + 109 + ((column_cells + 2) * 4)
  1907 00001A8D 0F8C23070000            		jl .endp
  1908                                  
  1909 00001A93 4981FA[76040000]        		cmp r10, board + 82 + ((column_cells + 2) * 9)
  1910 00001A9A 0F8416070000            		je .endp 
  1911 00001AA0 4981FA[77040000]        		cmp r10, board + 83 + ((column_cells + 2) * 9)
  1912 00001AA7 0F8409070000            		je .endp
  1913 00001AAD 4981FA[78040000]        		cmp r10, board + 84 + ((column_cells + 2) * 9)
  1914 00001AB4 0F84FC060000            		je .endp
  1915 00001ABA 4981FA[79040000]        		cmp r10, board + 85 + ((column_cells + 2) * 9)
  1916 00001AC1 0F84EF060000            		je .endp
  1917 00001AC7 4981FA[7A040000]        		cmp r10, board + 86 + ((column_cells + 2) * 9)
  1918 00001ACE 0F84E2060000            		je .endp
  1919 00001AD4 4981FA[7B040000]        		cmp r10, board + 87 + ((column_cells + 2) * 9)
  1920 00001ADB 0F84D5060000            		je .endp
  1921 00001AE1 4981FA[7C040000]        		cmp r10, board + 88 + ((column_cells + 2) * 9)
  1922 00001AE8 0F84C8060000            		je .endp
  1923 00001AEE 4981FA[7D040000]        		cmp r10, board + 89 + ((column_cells + 2) * 9)
  1924 00001AF5 0F84BB060000            		je .endp
  1925 00001AFB 4981FA[7E040000]        		cmp r10, board + 90 + ((column_cells + 2) * 9)
  1926 00001B02 0F84AE060000            		je .endp
  1927 00001B08 4981FA[7F040000]        		cmp r10, board + 91 + ((column_cells + 2) * 9)
  1928 00001B0F 0F84A1060000            		je .endp
  1929 00001B15 4981FA[80040000]        		cmp r10, board + 92 + ((column_cells + 2) * 9)
  1930 00001B1C 0F8494060000            		je .endp
  1931 00001B22 4981FA[81040000]        		cmp r10, board + 93 + ((column_cells + 2) * 9)
  1932 00001B29 0F8487060000            		je .endp
  1933 00001B2F 4981FA[82040000]        		cmp r10, board + 94 + ((column_cells + 2) * 9)
  1934 00001B36 0F847A060000            		je .endp
  1935 00001B3C 4981FA[83040000]        		cmp r10, board + 95 + ((column_cells + 2) * 9)
  1936 00001B43 0F846D060000            		je .endp
  1937 00001B49 4981FA[84040000]        		cmp r10, board + 96 + ((column_cells + 2) * 9)
  1938 00001B50 0F8460060000            		je .endp
  1939 00001B56 4981FA[85040000]        		cmp r10, board + 97 + ((column_cells + 2) * 9)
  1940 00001B5D 0F8453060000            		je .endp
  1941 00001B63 4981FA[86040000]        		cmp r10, board + 98 + ((column_cells + 2) * 9)
  1942 00001B6A 0F8446060000            		je .endp
  1943 00001B70 4981FA[87040000]        		cmp r10, board + 99 + ((column_cells + 2) * 9)
  1944 00001B77 0F8439060000            		je .endp
  1945                                  
  1946 00001B7D 4981FA[AA060000]        		cmp r10, board + 86 + ((column_cells + 2) * 14)
  1947 00001B84 0F842C060000            		je .endp
  1948 00001B8A 4981FA[AB060000]        		cmp r10, board + 87 + ((column_cells + 2) * 14)
  1949 00001B91 0F841F060000            		je .endp
  1950 00001B97 4981FA[AC060000]        		cmp r10, board + 88 + ((column_cells + 2) * 14)
  1951 00001B9E 0F8412060000            		je .endp
  1952 00001BA4 4981FA[AD060000]        		cmp r10, board + 89 + ((column_cells + 2) * 14)
  1953 00001BAB 0F8405060000            		je .endp
  1954 00001BB1 4981FA[AE060000]        		cmp r10, board + 90 + ((column_cells + 2) * 14)
  1955 00001BB8 0F84F8050000            		je .endp
  1956 00001BBE 4981FA[AF060000]        		cmp r10, board + 91 + ((column_cells + 2) * 14)
  1957 00001BC5 0F84EB050000            		je .endp
  1958 00001BCB 4981FA[B0060000]        		cmp r10, board + 92 + ((column_cells + 2) * 14)
  1959 00001BD2 0F84DE050000            		je .endp
  1960 00001BD8 4981FA[B1060000]        		cmp r10, board + 93 + ((column_cells + 2) * 14)
  1961 00001BDF 0F84D1050000            		je .endp
  1962 00001BE5 4981FA[B2060000]        		cmp r10, board + 94 + ((column_cells + 2) * 14)
  1963 00001BEC 0F84C4050000            		je .endp
  1964 00001BF2 4981FA[B3060000]        		cmp r10, board + 95 + ((column_cells + 2) * 14)
  1965 00001BF9 0F84B7050000            		je .endp
  1966 00001BFF 4981FA[B4060000]        		cmp r10, board + 96 + ((column_cells + 2) * 14)
  1967 00001C06 0F84AA050000            		je .endp
  1968 00001C0C 4981FA[B5060000]        		cmp r10, board + 97 + ((column_cells + 2) * 14)
  1969 00001C13 0F849D050000            		je .endp
  1970 00001C19 4981FA[B6060000]        		cmp r10, board + 98 + ((column_cells + 2) * 14)
  1971 00001C20 0F8490050000            		je .endp
  1972 00001C26 4981FA[B7060000]        		cmp r10, board + 99 + ((column_cells + 2) * 14)
  1973 00001C2D 0F8483050000            		je .endp
  1974 00001C33 4981FA[B8060000]        		cmp r10, board + 100 + ((column_cells + 2) * 14)
  1975 00001C3A 0F8476050000            		je .endp
  1976 00001C40 4981FA[B9060000]        		cmp r10, board + 101 + ((column_cells + 2) * 14)
  1977 00001C47 0F8469050000            		je .endp
  1978 00001C4D 4981FA[BA060000]        		cmp r10, board + 102 + ((column_cells + 2) * 14)
  1979 00001C54 0F845C050000            		je .endp
  1980 00001C5A 4981FA[BB060000]        		cmp r10, board + 103 + ((column_cells + 2) * 14)
  1981 00001C61 0F844F050000            		je .endp
  1982 00001C67 4981FA[BC060000]        		cmp r10, board + 104 + ((column_cells + 2) * 14)
  1983 00001C6E 0F8442050000            		je .endp
  1984 00001C74 4981FA[BD060000]        		cmp r10, board + 105 + ((column_cells + 2) * 14)
  1985 00001C7B 0F8435050000            		je .endp
  1986 00001C81 4981FA[BE060000]        		cmp r10, board + 106 + ((column_cells + 2) * 14)
  1987 00001C88 0F8428050000            		je .endp
  1988 00001C8E 4981FA[BF060000]        		cmp r10, board + 107 + ((column_cells + 2) * 14)
  1989 00001C95 0F841B050000            		je .endp
  1990 00001C9B 4981FA[C0060000]        		cmp r10, board + 108 + ((column_cells + 2) * 14)
  1991 00001CA2 0F840E050000            		je .endp
  1992                                  
  1993 00001CA8 4981FA[1D080000]        		cmp r10, board + 9 + ((column_cells + 2) * 18)  ; Comparar con 81
  1994 00001CAF 7E0B                    		jle .fuera_rango  ; Si rax <= 81, salir
  1995                                  
  1996 00001CB1 4981FA[78080000]        		cmp r10, board + 100 + ((column_cells + 2) * 18) ; Comparar con 100
  1997 00001CB8 7D02                    		jge .fuera_rango  ; Si rax >= 100, salir
  1998                                  
  1999                                  		; Aquí entra si 81 < r10 < 100
  2000 00001CBA EB1B                    		jmp .continuar    
  2001                                  
  2002                                  		.fuera_rango:
  2003 00001CBC 4C8B0D(000A0000)        			mov r9, [pallet_size]
  2004 00001CC3 41C60220                			mov byte [r10], char_space	; Limpiar último carácter del palet
  2005 00001CC7 4983EA70                			sub r10, 112						; Mover una fila arriba (restar 320)
  2006 00001CCB 4C8915(300A0000)        			mov [bot3_position], r10			; Actualizar posición
  2007                                  
  2008 00001CD2 E9DF040000              		jmp .endp
  2009                                  
  2010                                  		.continuar:
  2011 00001CD7 E9DA040000              			jmp .endp
  2012                                  
  2013                                  	.move_down:
  2014                                  
  2015 00001CDC 4C8B15(300A0000)        		mov r10, [bot3_position]
  2016                                  
  2017 00001CE3 4981FA[EA040000]        		cmp r10, board + 86 + ((column_cells + 2) * 10)  
  2018 00001CEA 0F84C6040000            		je .endp
  2019 00001CF0 4981FA[EB040000]        		cmp r10, board + 87 + ((column_cells + 2) * 10)  
  2020 00001CF7 0F84B9040000            		je .endp
  2021 00001CFD 4981FA[EC040000]        		cmp r10, board + 88 + ((column_cells + 2) * 10)  
  2022 00001D04 0F84AC040000            		je .endp
  2023 00001D0A 4981FA[ED040000]        		cmp r10, board + 89 + ((column_cells + 2) * 10)  
  2024 00001D11 0F849F040000            		je .endp
  2025 00001D17 4981FA[EE040000]        		cmp r10, board + 90 + ((column_cells + 2) * 10)  
  2026 00001D1E 0F8492040000            		je .endp
  2027 00001D24 4981FA[EF040000]        		cmp r10, board + 91 + ((column_cells + 2) * 10)  
  2028 00001D2B 0F8485040000            		je .endp
  2029 00001D31 4981FA[F0040000]        		cmp r10, board + 92 + ((column_cells + 2) * 10)  
  2030 00001D38 0F8478040000            		je .endp
  2031 00001D3E 4981FA[F1040000]        		cmp r10, board + 93 + ((column_cells + 2) * 10)  
  2032 00001D45 0F846B040000            		je .endp
  2033 00001D4B 4981FA[F2040000]        		cmp r10, board + 94 + ((column_cells + 2) * 10)  
  2034 00001D52 0F845E040000            		je .endp
  2035 00001D58 4981FA[F3040000]        		cmp r10, board + 95 + ((column_cells + 2) * 10)  
  2036 00001D5F 0F8451040000            		je .endp
  2037 00001D65 4981FA[F4040000]        		cmp r10, board + 96 + ((column_cells + 2) * 10)  
  2038 00001D6C 0F8444040000            		je .endp
  2039 00001D72 4981FA[F5040000]        		cmp r10, board + 97 + ((column_cells + 2) * 10)  
  2040 00001D79 0F8437040000            		je .endp
  2041 00001D7F 4981FA[F6040000]        		cmp r10, board + 98 + ((column_cells + 2) * 10)  
  2042 00001D86 0F842A040000            		je .endp
  2043 00001D8C 4981FA[F7040000]        		cmp r10, board + 99 + ((column_cells + 2) * 10)  
  2044 00001D93 0F841D040000            		je .endp
  2045 00001D99 4981FA[F8040000]        		cmp r10, board + 100 + ((column_cells + 2) * 10)  
  2046 00001DA0 0F8410040000            		je .endp
  2047 00001DA6 4981FA[F9040000]        		cmp r10, board + 101 + ((column_cells + 2) * 10)  
  2048 00001DAD 0F8403040000            		je .endp
  2049 00001DB3 4981FA[FA040000]        		cmp r10, board + 102 + ((column_cells + 2) * 10)  
  2050 00001DBA 0F84F6030000            		je .endp
  2051 00001DC0 4981FA[FB040000]        		cmp r10, board + 103 + ((column_cells + 2) * 10)  
  2052 00001DC7 0F84E9030000            		je .endp
  2053 00001DCD 4981FA[FC040000]        		cmp r10, board + 104 + ((column_cells + 2) * 10)  
  2054 00001DD4 0F84DC030000            		je .endp
  2055 00001DDA 4981FA[FD040000]        		cmp r10, board + 105 + ((column_cells + 2) * 10)  
  2056 00001DE1 0F84CF030000            		je .endp
  2057 00001DE7 4981FA[FE040000]        		cmp r10, board + 106 + ((column_cells + 2) * 10)  
  2058 00001DEE 0F84C2030000            		je .endp
  2059 00001DF4 4981FA[FF040000]        		cmp r10, board + 107 + ((column_cells + 2) * 10)  
  2060 00001DFB 0F84B5030000            		je .endp
  2061 00001E01 4981FA[00050000]        		cmp r10, board + 108 + ((column_cells + 2) * 10)  
  2062 00001E08 0F84A8030000            		je .endp
  2063                                  
  2064 00001E0E 4981FA[16070000]        		cmp r10, board + 82 + ((column_cells + 2) * 15)
  2065 00001E15 0F849B030000            		je .endp
  2066 00001E1B 4981FA[17070000]        		cmp r10, board + 83 + ((column_cells + 2) * 15)
  2067 00001E22 0F848E030000            		je .endp
  2068 00001E28 4981FA[18070000]        		cmp r10, board + 84 + ((column_cells + 2) * 15)
  2069 00001E2F 0F8481030000            		je .endp
  2070 00001E35 4981FA[19070000]        		cmp r10, board + 85 + ((column_cells + 2) * 15)
  2071 00001E3C 0F8474030000            		je .endp
  2072 00001E42 4981FA[1A070000]        		cmp r10, board + 86 + ((column_cells + 2) * 15)
  2073 00001E49 0F8467030000            		je .endp
  2074 00001E4F 4981FA[1B070000]        		cmp r10, board + 87 + ((column_cells + 2) * 15)
  2075 00001E56 0F845A030000            		je .endp
  2076 00001E5C 4981FA[1C070000]        		cmp r10, board + 88 + ((column_cells + 2) * 15)
  2077 00001E63 0F844D030000            		je .endp
  2078 00001E69 4981FA[1D070000]        		cmp r10, board + 89 + ((column_cells + 2) * 15)
  2079 00001E70 0F8440030000            		je .endp
  2080 00001E76 4981FA[1E070000]        		cmp r10, board + 90 + ((column_cells + 2) * 15)
  2081 00001E7D 0F8433030000            		je .endp
  2082 00001E83 4981FA[1F070000]        		cmp r10, board + 91 + ((column_cells + 2) * 15)
  2083 00001E8A 0F8426030000            		je .endp
  2084 00001E90 4981FA[20070000]        		cmp r10, board + 92 + ((column_cells + 2) * 15)
  2085 00001E97 0F8419030000            		je .endp
  2086 00001E9D 4981FA[21070000]        		cmp r10, board + 93 + ((column_cells + 2) * 15)
  2087 00001EA4 0F840C030000            		je .endp
  2088 00001EAA 4981FA[22070000]        		cmp r10, board + 94 + ((column_cells + 2) * 15)
  2089 00001EB1 0F84FF020000            		je .endp
  2090 00001EB7 4981FA[23070000]        		cmp r10, board + 95 + ((column_cells + 2) * 15)
  2091 00001EBE 0F84F2020000            		je .endp
  2092 00001EC4 4981FA[24070000]        		cmp r10, board + 96 + ((column_cells + 2) * 15)
  2093 00001ECB 0F84E5020000            		je .endp
  2094 00001ED1 4981FA[25070000]        		cmp r10, board + 97 + ((column_cells + 2) * 15)
  2095 00001ED8 0F84D8020000            		je .endp
  2096 00001EDE 4981FA[26070000]        		cmp r10, board + 98 + ((column_cells + 2) * 15)
  2097 00001EE5 0F84CB020000            		je .endp
  2098 00001EEB 4981FA[27070000]        		cmp r10, board + 99 + ((column_cells + 2) * 15)
  2099 00001EF2 0F84BE020000            		je .endp
  2100                                  		
  2101 00001EF8 4981FA[F4080000]        		cmp r10, board + ((column_cells + 2) * 20)
  2102 00001EFF 0F8FB1020000            		jg .endp
  2103                                  
  2104                                  
  2105 00001F05 4981FA[DD020000]        		cmp r10, board + 9 + ((column_cells + 2) * 6)  
  2106 00001F0C 7E0E                    		jle .fuera_rango_down  ; Si rax <= 81, salir
  2107                                  
  2108 00001F0E 4981FA[38030000]        		cmp r10, board + 100 + ((column_cells + 2) * 6) 
  2109 00001F15 7D05                    		jge .fuera_rango_down  ; Si rax >= 100, salir
  2110                                  
  2111                                  		
  2112                                  
  2113                                  		; Aquí entra si 81 < r10 < 100
  2114 00001F17 E9BBFDFFFF              		jmp .continuar    
  2115                                  
  2116                                  		.fuera_rango_down:
  2117 00001F1C 4C8B0D(000A0000)        			mov r9, [pallet_size]
  2118 00001F23 41C60220                			mov byte [r10], char_space	; Limpiar último carácter del palet
  2119 00001F27 4983C270                			add r10, 112							; Mover una fila abajo (sumar 320)
  2120 00001F2B 4C8915(300A0000)        			mov [bot3_position], r10			; Actualizar posición
  2121                                  
  2122                                  
  2123 00001F32 E97F020000              		jmp .endp	
  2124                                  
  2125                                  		.continuar_down:
  2126 00001F37 E97A020000              			jmp .endp
  2127                                  
  2128                                  
  2129                                  
  2130                                  		
  2131                                  		
  2132                                  
  2133                                  	.move_left:
  2134                                  
  2135 00001F3C 4C8B1D(680A0000)        		mov r11, [colj]
  2136 00001F43 4983FB01                		cmp r11, 1
  2137 00001F47 0F8469020000            		je .endp
  2138                                  
  2139 00001F4D 4C8B15(300A0000)        		mov r10, [bot3_position]
  2140                                  
  2141                                  		; INICIO DE COMPARACIONES PARA LAS COLISIONES
  2142 00001F54 4981FA[F5010000]        		cmp r10, board + 1 + ((column_cells + 2) * 4)
  2143 00001F5B 0F8455020000            		je .endp 
  2144                                  
  2145 00001F61 4981FA[65020000]        		cmp r10, board + 1 + ((column_cells + 2) * 5)
  2146 00001F68 0F8448020000            		je .endp 
  2147                                  
  2148 00001F6E 4981FA[D5020000]        		cmp r10, board + 1 + ((column_cells + 2) * 6)
  2149 00001F75 0F843B020000            		je .endp 
  2150                                  
  2151 00001F7B 4981FA[45030000]        		cmp r10, board + 1 + ((column_cells + 2) * 7)
  2152 00001F82 0F842E020000            		je .endp 
  2153                                  
  2154 00001F88 4981FA[B5030000]        		cmp r10, board + 1 + ((column_cells + 2) * 8)
  2155 00001F8F 0F8421020000            		je .endp 
  2156                                  
  2157 00001F95 4981FA[25040000]        		cmp r10, board + 1 + ((column_cells + 2) * 9)
  2158 00001F9C 0F8414020000            		je .endp 
  2159                                  	
  2160 00001FA2 4981FA[95040000]        		cmp r10, board + 1 + ((column_cells + 2) * 10)
  2161 00001FA9 0F8407020000            		je .endp 
  2162                                  
  2163 00001FAF 4981FA[05050000]        		cmp r10, board + 1 + ((column_cells + 2) * 11)
  2164 00001FB6 0F84FA010000            		je .endp 
  2165                                  
  2166 00001FBC 4981FA[75050000]        		cmp r10, board + 1 + ((column_cells + 2) * 12)
  2167 00001FC3 0F84ED010000            		je .endp 
  2168                                  
  2169 00001FC9 4981FA[75050000]        		cmp r10, board + 1 + ((column_cells + 2) * 12)
  2170 00001FD0 0F84E0010000            		je .endp 
  2171                                  
  2172 00001FD6 4981FA[E5050000]        		cmp r10, board + 1 + ((column_cells + 2) * 13)
  2173 00001FDD 0F84D3010000            		je .endp 
  2174                                  
  2175 00001FE3 4981FA[55060000]        		cmp r10, board + 1 + ((column_cells + 2) * 14)
  2176 00001FEA 0F84C6010000            		je .endp 
  2177                                  
  2178 00001FF0 4981FA[C5060000]        		cmp r10, board + 1 + ((column_cells + 2) * 15)
  2179 00001FF7 0F84B9010000            		je .endp 
  2180                                  
  2181 00001FFD 4981FA[35070000]        		cmp r10, board + 1 + ((column_cells + 2) * 16)
  2182 00002004 0F84AC010000            		je .endp 
  2183                                  
  2184 0000200A 4981FA[A5070000]        		cmp r10, board + 1 + ((column_cells + 2) * 17)
  2185 00002011 0F849F010000            		je .endp 
  2186                                  
  2187 00002017 4981FA[15080000]        		cmp r10, board + 1 + ((column_cells + 2) * 18)
  2188 0000201E 0F8492010000            		je .endp 
  2189                                  
  2190 00002024 4981FA[85080000]        		cmp r10, board + 1 + ((column_cells + 2) * 19)
  2191 0000202B 0F8485010000            		je .endp
  2192                                  
  2193 00002031 4981FA[F5080000]        		cmp r10, board + 1 + ((column_cells + 2) * 20)
  2194 00002038 0F8478010000            		je .endp
  2195                                  
  2196 0000203E 4981FA[A8030000]        		cmp r10, board + 100 + ((column_cells + 2) * 7)
  2197 00002045 0F846B010000            		je .endp
  2198                                  
  2199 0000204B 4981FA[18040000]        		cmp r10, board + 100 + ((column_cells + 2) * 8)
  2200 00002052 0F845E010000            		je .endp
  2201                                  
  2202 00002058 4981FA[76040000]        		cmp r10, board + 82 + ((column_cells + 2) * 9)
  2203 0000205F 0F8451010000            		je .endp
  2204                                  
  2205                                  		;-----COLISION PARTE INTERNA DE LA CURVA-----
  2206 00002065 4981FA[E6040000]        		cmp r10, board + 82 + ((column_cells + 2) * 10)
  2207 0000206C 0F8444010000            		je .endp
  2208                                  
  2209 00002072 4981FA[56050000]        		cmp r10, board + 82 + ((column_cells + 2) * 11)
  2210 00002079 0F8437010000            		je .endp
  2211                                  
  2212 0000207F 4981FA[C6050000]        		cmp r10, board + 82 + ((column_cells + 2) * 12)
  2213 00002086 0F842A010000            		je .endp
  2214                                  
  2215 0000208C 4981FA[36060000]        		cmp r10, board + 82 + ((column_cells + 2) * 13)
  2216 00002093 0F841D010000            		je .endp
  2217                                  
  2218 00002099 4981FA[A6060000]        		cmp r10, board + 82 + ((column_cells + 2) * 14)
  2219 000020A0 0F8410010000            		je .endp
  2220                                  
  2221 000020A6 4981FA[16070000]        		cmp r10, board + 82 + ((column_cells + 2) * 15)
  2222 000020AD 0F8403010000            		je .endp
  2223                                  		;---FIN COLISION PARTE INTERNA DE LA CURVA----
  2224                                  
  2225 000020B3 4981FA[98070000]        		cmp r10, board + 100 + ((column_cells + 2) * 16)
  2226 000020BA 0F84F6000000            		je .endp
  2227                                  
  2228 000020C0 4981FA[08080000]        		cmp r10, board + 100 + ((column_cells + 2) * 17)
  2229 000020C7 0F84E9000000            		je .endp
  2230                                  
  2231 000020CD 4C8B0D(000A0000)        		mov r9, [pallet_size]
  2232 000020D4 41C60220                		mov byte [r10], char_space	; Limpiar el último carácter del palet
  2233 000020D8 49FFCA                  		dec r10								; Mover la posición del palet una unidad a la izquierda
  2234 000020DB 4C8915(300A0000)        		mov [bot3_position], r10			; Actualizar la posición del palet en la memoria
  2235                                  
  2236 000020E2 E9CF000000              		jmp .endp	
  2237                                  							 
  2238                                  	.move_right:
  2239                                  
  2240 000020E7 4C8B1D(680A0000)        		mov r11, [colj]
  2241 000020EE 4983FB02                		cmp r11, 2
  2242 000020F2 0F84BE000000            		je .endp
  2243                                  
  2244 000020F8 4C8B15(300A0000)        		mov r10, [bot3_position]
  2245                                  
  2246                                  		
  2247 000020FF 4981FA[60020000]        		cmp r10, board + 108 + ((column_cells + 2) * 4)
  2248 00002106 0F84AA000000            		je .endp
  2249                                  
  2250 0000210C 4981FA[D0020000]        		cmp r10, board + 108 + ((column_cells + 2) * 5)
  2251 00002113 0F849D000000            		je .endp
  2252                                  
  2253 00002119 4981FA[40030000]        		cmp r10, board + 108 + ((column_cells + 2) * 6)
  2254 00002120 0F8490000000            		je .endp
  2255                                  
  2256 00002126 4981FA[B0030000]        		cmp r10, board + 108 + ((column_cells + 2) * 7)
  2257 0000212D 0F8483000000            		je .endp
  2258                                  
  2259 00002133 4981FA[20040000]        		cmp r10, board + 108 + ((column_cells + 2) * 8)
  2260 0000213A 747A                    		je .endp
  2261                                  
  2262 0000213C 4981FA[90040000]        		cmp r10, board + 108 + ((column_cells + 2) * 9)
  2263 00002143 7471                    		je .endp
  2264                                  
  2265 00002145 4981FA[00050000]        		cmp r10, board + 108 + ((column_cells + 2) * 10)
  2266 0000214C 7468                    		je .endp
  2267                                  
  2268 0000214E 4981FA[59050000]        		cmp r10, board + 85 + ((column_cells + 2) * 11)
  2269 00002155 745F                    		je .endp
  2270                                  
  2271 00002157 4981FA[C9050000]        		cmp r10, board + 85 + ((column_cells + 2) * 12)
  2272 0000215E 7456                    		je .endp
  2273                                  
  2274 00002160 4981FA[39060000]        		cmp r10, board + 85 + ((column_cells + 2) * 13)
  2275 00002167 744D                    		je .endp
  2276                                  
  2277 00002169 4981FA[C0060000]        		cmp r10, board + 108 + ((column_cells + 2) * 14)
  2278 00002170 7444                    		je .endp
  2279                                  
  2280 00002172 4981FA[30070000]        		cmp r10, board + 108 + ((column_cells + 2) * 15)
  2281 00002179 743B                    		je .endp
  2282                                  
  2283 0000217B 4981FA[A0070000]        		cmp r10, board + 108 + ((column_cells + 2) * 16)
  2284 00002182 7432                    		je .endp
  2285                                  
  2286 00002184 4981FA[10080000]        		cmp r10, board + 108 + ((column_cells + 2) * 17)
  2287 0000218B 7429                    		je .endp
  2288                                  
  2289 0000218D 4981FA[80080000]        		cmp r10, board + 108 + ((column_cells + 2) * 18)
  2290 00002194 7420                    		je .endp
  2291                                  
  2292 00002196 4981FA[F0080000]        		cmp r10, board + 108 + ((column_cells + 2) * 19)
  2293 0000219D 7417                    		je .endp
  2294                                  
  2295 0000219F 4981FA[60090000]        		cmp r10, board + 108 + ((column_cells + 2) * 20)
  2296 000021A6 740E                    		je .endp
  2297                                  
  2298 000021A8 41C60220                		mov byte [r10], char_space
  2299 000021AC 49FFC2                  		inc r10
  2300 000021AF 4C8915(300A0000)        		mov [bot3_position], r10
  2301                                   
  2302                                  	.endp:
  2303 000021B6 48C705(680A0000)00-     		mov qword [colj], 0
  2303 000021BE 000000             
  2304                                  
  2305 000021C1 58                      	pop rax
  2306 000021C2 59                      	pop rcx
  2307                                  	 
  2308 000021C3 C3                      	ret
  2309                                  
  2310                                  
  2311                                  
  2312                                  ; Funcion: update_bot_direction
  2313                                  ; Actualiza la direccion del bot segun la posicion actual
  2314                                  ; Return:
  2315                                  ;   void
  2316                                  update_bot_direction:
  2317 000021C4 488B05(180A0000)            mov rax, [bot_position]       ; Cargar la posición actual del bot
  2318                                  
  2319                                      ; Verificar si el bot está en el límite inferior del tablero
  2320 000021CB 483D[440A0000]              cmp rax, board + ((column_cells + 2) * (row_cells - 1))  ; Límite inferior
  2321 000021D1 7D19                        jge .change_direction_up      ; Si está en el límite inferior, cambiar dirección a "arriba"
  2322                                  
  2323                                      ; Verificar si el bot está en el límite superior del tablero
  2324 000021D3 483D[34000000]              cmp rax, board
  2325 000021D9 7E1D                        jle .change_direction_down    ; Si está en el límite superior, cambiar dirección a "abajo"
  2326                                  
  2327                                      ; Verificar si el bot está en el límite derecho del tablero
  2328 000021DB 483D[A1000000]              cmp rax, board + column_cells - 1
  2329 000021E1 7D21                        jge .change_direction_left    ; Si está en el límite derecho, cambiar dirección a "izquierda"
  2330                                  
  2331                                      ; Verificar si el bot está en el límite izquierdo del tablero
  2332 000021E3 483D[34000000]              cmp rax, board
  2333 000021E9 7E25                        jle .change_direction_right   ; Si está en el límite izquierdo, cambiar dirección a "derecha"
  2334                                  
  2335 000021EB C3                          ret                           ; Si no hay cambios, salir de la función
  2336                                  
  2337                                  	.change_direction_up:
  2338 000021EC 48C705(39000000)02-     		mov qword [bot_direction], up_direction
  2338 000021F4 000000             
  2339 000021F7 C3                      		ret
  2340                                  
  2341                                  	.change_direction_down:
  2342 000021F8 48C705(39000000)03-     		mov qword [bot_direction], down_direction
  2342 00002200 000000             
  2343 00002203 C3                      		ret
  2344                                  
  2345                                  	.change_direction_left:
  2346 00002204 48C705(39000000)FF-     		mov qword [bot_direction], left_direction
  2346 0000220C FFFFFF             
  2347 0000220F C3                      		ret
  2348                                  
  2349                                  	.change_direction_right:
  2350 00002210 48C705(39000000)01-     		mov qword [bot_direction], right_direction
  2350 00002218 000000             
  2351 0000221B C3                      		ret
  2352                                  
  2353                                  
  2354                                  ; Funcion: change_bot_direction
  2355                                  ; Genera una dirección aleatoria para el bot
  2356                                  ; Return:
  2357                                  ;   void
  2358                                  change_bot_direction:
  2359                                      ; Incrementar el estado de la ruta
  2360 0000221C 8A05(42000000)              mov al, [bot_path_state]
  2361 00002222 FEC0                        inc al
  2362 00002224 3C08                        cmp al, 8        ; Si llegamos al final del recorrido (8 estados)
  2363 00002226 7C02                        jl .no_reset
  2364 00002228 30C0                        xor al, al       ; Reiniciar el estado a 0
  2365                                  	.no_reset:
  2366 0000222A 8805(42000000)          		mov [bot_path_state], al
  2367                                  		
  2368                                  		; Seleccionar dirección según el estado de la ruta
  2369 00002230 3C00                    		cmp al, 0
  2370 00002232 741C                    		je .set_right    ; Estado 0: Derecha
  2371                                  		
  2372 00002234 3C01                    		cmp al, 1
  2373 00002236 743C                    		je .set_up       ; Estado 1: Arriba
  2374                                  		
  2375 00002238 3C02                    		cmp al, 2
  2376 0000223A 742C                    		je .set_left     ; Estado 2: Izquierda
  2377                                  		
  2378 0000223C 3C03                    		cmp al, 3
  2379 0000223E 741C                    		je .set_down     ; Estado 3: Abajo
  2380                                  		
  2381 00002240 3C04                    		cmp al, 4
  2382 00002242 740C                    		je .set_right    ; Estado 4: Derecha
  2383                                  		
  2384 00002244 3C05                    		cmp al, 5
  2385 00002246 742C                    		je .set_up       ; Estado 5: Arriba
  2386                                  		
  2387 00002248 3C06                    		cmp al, 6
  2388 0000224A 741C                    		je .set_left     ; Estado 6: Izquierda
  2389                                  		
  2390 0000224C 3C07                    		cmp al, 7
  2391 0000224E 7400                    		je .set_right    ; Estado 7: Derecha (hacia el punto inicial)
  2392                                  		
  2393                                      ; Si ninguna de las anteriores coincide, establecer dirección a la derecha
  2394                                      .set_right:
  2395 00002250 48C705(39000000)01-             mov qword [bot_direction], right_direction
  2395 00002258 000000             
  2396 0000225B C3                              ret
  2397                                          
  2398                                      .set_down:
  2399 0000225C 48C705(39000000)03-             mov qword [bot_direction], down_direction
  2399 00002264 000000             
  2400 00002267 C3                              ret
  2401                                          
  2402                                      .set_left:
  2403 00002268 48C705(39000000)FF-             mov qword [bot_direction], left_direction
  2403 00002270 FFFFFF             
  2404 00002273 C3                              ret
  2405                                          
  2406                                      .set_up:
  2407 00002274 48C705(39000000)02-             mov qword [bot_direction], up_direction
  2407 0000227C 000000             
  2408 0000227F C3                              ret
  2409                                  
  2410                                  ; Funcion: change_bot2_direction
  2411                                  ; Genera una dirección aleatoria para el bot
  2412                                  ; Return:
  2413                                  ;   void
  2414                                  change_bot2_direction:
  2415                                      ; Incrementar el estado de la ruta
  2416 00002280 8A05(54000000)              mov al, [bot2_path_state]
  2417 00002286 FEC0                        inc al
  2418 00002288 3C08                        cmp al, 8        ; Si llegamos al final del recorrido (8 estados)
  2419 0000228A 7C02                        jl .no_reset
  2420 0000228C 30C0                        xor al, al       ; Reiniciar el estado a 0
  2421                                  	.no_reset:
  2422 0000228E 8805(54000000)          		mov [bot2_path_state], al
  2423                                  		
  2424                                  		; Seleccionar dirección según el estado de la ruta
  2425 00002294 3C00                    		cmp al, 0
  2426 00002296 741C                    		je .set_right    ; Estado 0: Derecha
  2427                                  		
  2428 00002298 3C01                    		cmp al, 1
  2429 0000229A 743C                    		je .set_up       ; Estado 1: Arriba
  2430                                  		
  2431 0000229C 3C02                    		cmp al, 2
  2432 0000229E 742C                    		je .set_left     ; Estado 2: Izquierda
  2433                                  		
  2434 000022A0 3C03                    		cmp al, 3
  2435 000022A2 741C                    		je .set_down     ; Estado 3: Abajo
  2436                                  		
  2437 000022A4 3C04                    		cmp al, 4
  2438 000022A6 740C                    		je .set_right    ; Estado 4: Derecha
  2439                                  		
  2440 000022A8 3C05                    		cmp al, 5
  2441 000022AA 742C                    		je .set_up       ; Estado 5: Arriba
  2442                                  		
  2443 000022AC 3C06                    		cmp al, 6
  2444 000022AE 741C                    		je .set_left     ; Estado 6: Izquierda
  2445                                  		
  2446 000022B0 3C07                    		cmp al, 7
  2447 000022B2 7400                    		je .set_right    ; Estado 7: Derecha (hacia el punto inicial)
  2448                                  		
  2449                                      ; Si ninguna de las anteriores coincide, establecer dirección a la derecha
  2450                                      .set_right:
  2451 000022B4 48C705(43000000)01-             mov qword [bot2_direction], right_direction
  2451 000022BC 000000             
  2452 000022BF C3                              ret
  2453                                          
  2454                                      .set_down:
  2455 000022C0 48C705(43000000)03-             mov qword [bot2_direction], down_direction
  2455 000022C8 000000             
  2456 000022CB C3                              ret
  2457                                          
  2458                                      .set_left:
  2459 000022CC 48C705(43000000)FF-             mov qword [bot2_direction], left_direction
  2459 000022D4 FFFFFF             
  2460 000022D7 C3                              ret
  2461                                          
  2462                                      .set_up:
  2463 000022D8 48C705(43000000)02-             mov qword [bot2_direction], up_direction
  2463 000022E0 000000             
  2464 000022E3 C3                              ret
  2465                                  
  2466                                  ; Funcion: change_bot3_direction
  2467                                  ; Genera una dirección aleatoria para el bot
  2468                                  ; Return:
  2469                                  ;   void
  2470                                  change_bot3_direction:
  2471                                      ; Incrementar el estado de la ruta
  2472 000022E4 8A05(66000000)              mov al, [bot3_path_state]
  2473 000022EA FEC0                        inc al
  2474 000022EC 3C08                        cmp al, 8        ; Si llegamos al final del recorrido (8 estados)
  2475 000022EE 7C02                        jl .no_reset
  2476 000022F0 30C0                        xor al, al       ; Reiniciar el estado a 0
  2477                                  	.no_reset:
  2478 000022F2 8805(66000000)          		mov [bot3_path_state], al
  2479                                  		
  2480                                  		; Seleccionar dirección según el estado de la ruta
  2481 000022F8 3C00                    		cmp al, 0
  2482 000022FA 741C                    		je .set_right    ; Estado 0: Derecha
  2483                                  		
  2484 000022FC 3C01                    		cmp al, 1
  2485 000022FE 743C                    		je .set_up       ; Estado 1: Arriba
  2486                                  		
  2487 00002300 3C02                    		cmp al, 2
  2488 00002302 742C                    		je .set_left     ; Estado 2: Izquierda
  2489                                  		
  2490 00002304 3C03                    		cmp al, 3
  2491 00002306 741C                    		je .set_down     ; Estado 3: Abajo
  2492                                  		
  2493 00002308 3C04                    		cmp al, 4
  2494 0000230A 740C                    		je .set_right    ; Estado 4: Derecha
  2495                                  		
  2496 0000230C 3C05                    		cmp al, 5
  2497 0000230E 742C                    		je .set_up       ; Estado 5: Arriba
  2498                                  		
  2499 00002310 3C06                    		cmp al, 6
  2500 00002312 741C                    		je .set_left     ; Estado 6: Izquierda
  2501                                  		
  2502 00002314 3C07                    		cmp al, 7
  2503 00002316 7400                    		je .set_right    ; Estado 7: Derecha (hacia el punto inicial)
  2504                                  		
  2505                                      ; Si ninguna de las anteriores coincide, establecer dirección a la derecha
  2506                                      .set_right:
  2507 00002318 48C705(55000000)01-             mov qword [bot3_direction], right_direction
  2507 00002320 000000             
  2508 00002323 C3                              ret
  2509                                          
  2510                                      .set_down:
  2511 00002324 48C705(55000000)03-             mov qword [bot3_direction], down_direction
  2511 0000232C 000000             
  2512 0000232F C3                              ret
  2513                                          
  2514                                      .set_left:
  2515 00002330 48C705(55000000)FF-             mov qword [bot3_direction], left_direction
  2515 00002338 FFFFFF             
  2516 0000233B C3                              ret
  2517                                          
  2518                                      .set_up:
  2519 0000233C 48C705(55000000)02-             mov qword [bot3_direction], up_direction
  2519 00002344 000000             
  2520 00002347 C3                              ret
  2521                                  
  2522                                  
  2523                                  ; Funcion: print_player2
  2524                                  ; Imprime al Jugador 2 en su posición actual
  2525                                  print_player2:
  2526 00002348 4C8B1D(380A0000)        	mov r11, [player2_position] 
  2527                                  	.write_pallet:
  2528 0000234F 41C60352                		mov byte [r11], char_player2	 
  2529 00002353 C3                      	ret
  2530                                  
  2531                                  ; Funcion: move_player2
  2532                                  ; Mueve al Jugador 2 en la dirección especificada
  2533                                  ; Argumentos:
  2534                                  ;   rdi: dirección (up_direction, down_direction, left_direction, right_direction)
  2535                                  move_player2:
  2536 00002354 50                          push rax
  2537 00002355 51                          push rcx
  2538                                  
  2539 00002356 4C8B25(680A0000)        	mov r12, [colj]
  2540 0000235D 4983FC01                	cmp r12, 1
  2541 00002361 0F845B070000            	je .endp
  2542                                  	  
  2543 00002367 4883FF02                	cmp rdi, up_direction					; Comparar el valor de rdi (dirección) con left_direction
  2544 0000236B 741E                    	je .move_up						; Si no es igual a left_direction, saltar a .move_right
  2545                                  
  2546 0000236D 4883FF03                	cmp rdi, down_direction
  2547 00002371 0F8471020000            	je .move_down
  2548                                  
  2549 00002377 4883FF01                	cmp rdi, right_direction
  2550 0000237B 0F8472060000            	je .move_right
  2551                                  
  2552 00002381 4883FFFF                	cmp rdi, left_direction
  2553 00002385 0F84BD040000            	je .move_left
  2554                                  
  2555                                  	.move_up:
  2556 0000238B 4C8B15(380A0000)        		mov r10, [player2_position]
  2557                                  
  2558                                  		; INICIO DE COMPARACIONES PARA LAS COLISIONES
  2559 00002392 4981FA[61020000]        		cmp r10, board + 109 + ((column_cells + 2) * 4)
  2560 00002399 0F8C23070000            		jl .endp
  2561                                  
  2562 0000239F 4981FA[76040000]        		cmp r10, board + 82 + ((column_cells + 2) * 9)
  2563 000023A6 0F8416070000            		je .endp 
  2564 000023AC 4981FA[77040000]        		cmp r10, board + 83 + ((column_cells + 2) * 9)
  2565 000023B3 0F8409070000            		je .endp
  2566 000023B9 4981FA[78040000]        		cmp r10, board + 84 + ((column_cells + 2) * 9)
  2567 000023C0 0F84FC060000            		je .endp
  2568 000023C6 4981FA[79040000]        		cmp r10, board + 85 + ((column_cells + 2) * 9)
  2569 000023CD 0F84EF060000            		je .endp
  2570 000023D3 4981FA[7A040000]        		cmp r10, board + 86 + ((column_cells + 2) * 9)
  2571 000023DA 0F84E2060000            		je .endp
  2572 000023E0 4981FA[7B040000]        		cmp r10, board + 87 + ((column_cells + 2) * 9)
  2573 000023E7 0F84D5060000            		je .endp
  2574 000023ED 4981FA[7C040000]        		cmp r10, board + 88 + ((column_cells + 2) * 9)
  2575 000023F4 0F84C8060000            		je .endp
  2576 000023FA 4981FA[7D040000]        		cmp r10, board + 89 + ((column_cells + 2) * 9)
  2577 00002401 0F84BB060000            		je .endp
  2578 00002407 4981FA[7E040000]        		cmp r10, board + 90 + ((column_cells + 2) * 9)
  2579 0000240E 0F84AE060000            		je .endp
  2580 00002414 4981FA[7F040000]        		cmp r10, board + 91 + ((column_cells + 2) * 9)
  2581 0000241B 0F84A1060000            		je .endp
  2582 00002421 4981FA[80040000]        		cmp r10, board + 92 + ((column_cells + 2) * 9)
  2583 00002428 0F8494060000            		je .endp
  2584 0000242E 4981FA[81040000]        		cmp r10, board + 93 + ((column_cells + 2) * 9)
  2585 00002435 0F8487060000            		je .endp
  2586 0000243B 4981FA[82040000]        		cmp r10, board + 94 + ((column_cells + 2) * 9)
  2587 00002442 0F847A060000            		je .endp
  2588 00002448 4981FA[83040000]        		cmp r10, board + 95 + ((column_cells + 2) * 9)
  2589 0000244F 0F846D060000            		je .endp
  2590 00002455 4981FA[84040000]        		cmp r10, board + 96 + ((column_cells + 2) * 9)
  2591 0000245C 0F8460060000            		je .endp
  2592 00002462 4981FA[85040000]        		cmp r10, board + 97 + ((column_cells + 2) * 9)
  2593 00002469 0F8453060000            		je .endp
  2594 0000246F 4981FA[86040000]        		cmp r10, board + 98 + ((column_cells + 2) * 9)
  2595 00002476 0F8446060000            		je .endp
  2596 0000247C 4981FA[87040000]        		cmp r10, board + 99 + ((column_cells + 2) * 9)
  2597 00002483 0F8439060000            		je .endp
  2598                                  
  2599 00002489 4981FA[AA060000]        		cmp r10, board + 86 + ((column_cells + 2) * 14)
  2600 00002490 0F842C060000            		je .endp
  2601 00002496 4981FA[AB060000]        		cmp r10, board + 87 + ((column_cells + 2) * 14)
  2602 0000249D 0F841F060000            		je .endp
  2603 000024A3 4981FA[AC060000]        		cmp r10, board + 88 + ((column_cells + 2) * 14)
  2604 000024AA 0F8412060000            		je .endp
  2605 000024B0 4981FA[AD060000]        		cmp r10, board + 89 + ((column_cells + 2) * 14)
  2606 000024B7 0F8405060000            		je .endp
  2607 000024BD 4981FA[AE060000]        		cmp r10, board + 90 + ((column_cells + 2) * 14)
  2608 000024C4 0F84F8050000            		je .endp
  2609 000024CA 4981FA[AF060000]        		cmp r10, board + 91 + ((column_cells + 2) * 14)
  2610 000024D1 0F84EB050000            		je .endp
  2611 000024D7 4981FA[B0060000]        		cmp r10, board + 92 + ((column_cells + 2) * 14)
  2612 000024DE 0F84DE050000            		je .endp
  2613 000024E4 4981FA[B1060000]        		cmp r10, board + 93 + ((column_cells + 2) * 14)
  2614 000024EB 0F84D1050000            		je .endp
  2615 000024F1 4981FA[B2060000]        		cmp r10, board + 94 + ((column_cells + 2) * 14)
  2616 000024F8 0F84C4050000            		je .endp
  2617 000024FE 4981FA[B3060000]        		cmp r10, board + 95 + ((column_cells + 2) * 14)
  2618 00002505 0F84B7050000            		je .endp
  2619 0000250B 4981FA[B4060000]        		cmp r10, board + 96 + ((column_cells + 2) * 14)
  2620 00002512 0F84AA050000            		je .endp
  2621 00002518 4981FA[B5060000]        		cmp r10, board + 97 + ((column_cells + 2) * 14)
  2622 0000251F 0F849D050000            		je .endp
  2623 00002525 4981FA[B6060000]        		cmp r10, board + 98 + ((column_cells + 2) * 14)
  2624 0000252C 0F8490050000            		je .endp
  2625 00002532 4981FA[B7060000]        		cmp r10, board + 99 + ((column_cells + 2) * 14)
  2626 00002539 0F8483050000            		je .endp
  2627 0000253F 4981FA[B8060000]        		cmp r10, board + 100 + ((column_cells + 2) * 14)
  2628 00002546 0F8476050000            		je .endp
  2629 0000254C 4981FA[B9060000]        		cmp r10, board + 101 + ((column_cells + 2) * 14)
  2630 00002553 0F8469050000            		je .endp
  2631 00002559 4981FA[BA060000]        		cmp r10, board + 102 + ((column_cells + 2) * 14)
  2632 00002560 0F845C050000            		je .endp
  2633 00002566 4981FA[BB060000]        		cmp r10, board + 103 + ((column_cells + 2) * 14)
  2634 0000256D 0F844F050000            		je .endp
  2635 00002573 4981FA[BC060000]        		cmp r10, board + 104 + ((column_cells + 2) * 14)
  2636 0000257A 0F8442050000            		je .endp
  2637 00002580 4981FA[BD060000]        		cmp r10, board + 105 + ((column_cells + 2) * 14)
  2638 00002587 0F8435050000            		je .endp
  2639 0000258D 4981FA[BE060000]        		cmp r10, board + 106 + ((column_cells + 2) * 14)
  2640 00002594 0F8428050000            		je .endp
  2641 0000259A 4981FA[BF060000]        		cmp r10, board + 107 + ((column_cells + 2) * 14)
  2642 000025A1 0F841B050000            		je .endp
  2643 000025A7 4981FA[C0060000]        		cmp r10, board + 108 + ((column_cells + 2) * 14)
  2644 000025AE 0F840E050000            		je .endp
  2645                                  
  2646 000025B4 4981FA[1D080000]        		cmp r10, board + 9 + ((column_cells + 2) * 18)  ; Comparar con 81
  2647 000025BB 7E0B                    		jle .fuera_rango  ; Si rax <= 81, salir
  2648                                  
  2649 000025BD 4981FA[78080000]        		cmp r10, board + 100 + ((column_cells + 2) * 18) ; Comparar con 100
  2650 000025C4 7D02                    		jge .fuera_rango  ; Si rax >= 100, salir
  2651                                  
  2652                                  		; Aquí entra si 81 < r10 < 100
  2653 000025C6 EB1B                    		jmp .continuar    
  2654                                  
  2655                                  		.fuera_rango:
  2656 000025C8 4C8B0D(000A0000)        			mov r9, [pallet_size]
  2657 000025CF 41C60220                			mov byte [r10], char_space	; Limpiar último carácter del palet
  2658 000025D3 4983EA70                			sub r10, 112						; Mover una fila arriba (restar 320)
  2659 000025D7 4C8915(380A0000)        			mov [player2_position], r10			; Actualizar posición
  2660                                  
  2661 000025DE E9DF040000              		jmp .endp
  2662                                  
  2663                                  		.continuar:
  2664 000025E3 E9DA040000              			jmp .endp
  2665                                  
  2666                                  	.move_down:
  2667                                  
  2668 000025E8 4C8B15(380A0000)        		mov r10, [player2_position]
  2669                                  
  2670 000025EF 4981FA[EA040000]        		cmp r10, board + 86 + ((column_cells + 2) * 10)  
  2671 000025F6 0F84C6040000            		je .endp
  2672 000025FC 4981FA[EB040000]        		cmp r10, board + 87 + ((column_cells + 2) * 10)  
  2673 00002603 0F84B9040000            		je .endp
  2674 00002609 4981FA[EC040000]        		cmp r10, board + 88 + ((column_cells + 2) * 10)  
  2675 00002610 0F84AC040000            		je .endp
  2676 00002616 4981FA[ED040000]        		cmp r10, board + 89 + ((column_cells + 2) * 10)  
  2677 0000261D 0F849F040000            		je .endp
  2678 00002623 4981FA[EE040000]        		cmp r10, board + 90 + ((column_cells + 2) * 10)  
  2679 0000262A 0F8492040000            		je .endp
  2680 00002630 4981FA[EF040000]        		cmp r10, board + 91 + ((column_cells + 2) * 10)  
  2681 00002637 0F8485040000            		je .endp
  2682 0000263D 4981FA[F0040000]        		cmp r10, board + 92 + ((column_cells + 2) * 10)  
  2683 00002644 0F8478040000            		je .endp
  2684 0000264A 4981FA[F1040000]        		cmp r10, board + 93 + ((column_cells + 2) * 10)  
  2685 00002651 0F846B040000            		je .endp
  2686 00002657 4981FA[F2040000]        		cmp r10, board + 94 + ((column_cells + 2) * 10)  
  2687 0000265E 0F845E040000            		je .endp
  2688 00002664 4981FA[F3040000]        		cmp r10, board + 95 + ((column_cells + 2) * 10)  
  2689 0000266B 0F8451040000            		je .endp
  2690 00002671 4981FA[F4040000]        		cmp r10, board + 96 + ((column_cells + 2) * 10)  
  2691 00002678 0F8444040000            		je .endp
  2692 0000267E 4981FA[F5040000]        		cmp r10, board + 97 + ((column_cells + 2) * 10)  
  2693 00002685 0F8437040000            		je .endp
  2694 0000268B 4981FA[F6040000]        		cmp r10, board + 98 + ((column_cells + 2) * 10)  
  2695 00002692 0F842A040000            		je .endp
  2696 00002698 4981FA[F7040000]        		cmp r10, board + 99 + ((column_cells + 2) * 10)  
  2697 0000269F 0F841D040000            		je .endp
  2698 000026A5 4981FA[F8040000]        		cmp r10, board + 100 + ((column_cells + 2) * 10)  
  2699 000026AC 0F8410040000            		je .endp
  2700 000026B2 4981FA[F9040000]        		cmp r10, board + 101 + ((column_cells + 2) * 10)  
  2701 000026B9 0F8403040000            		je .endp
  2702 000026BF 4981FA[FA040000]        		cmp r10, board + 102 + ((column_cells + 2) * 10)  
  2703 000026C6 0F84F6030000            		je .endp
  2704 000026CC 4981FA[FB040000]        		cmp r10, board + 103 + ((column_cells + 2) * 10)  
  2705 000026D3 0F84E9030000            		je .endp
  2706 000026D9 4981FA[FC040000]        		cmp r10, board + 104 + ((column_cells + 2) * 10)  
  2707 000026E0 0F84DC030000            		je .endp
  2708 000026E6 4981FA[FD040000]        		cmp r10, board + 105 + ((column_cells + 2) * 10)  
  2709 000026ED 0F84CF030000            		je .endp
  2710 000026F3 4981FA[FE040000]        		cmp r10, board + 106 + ((column_cells + 2) * 10)  
  2711 000026FA 0F84C2030000            		je .endp
  2712 00002700 4981FA[FF040000]        		cmp r10, board + 107 + ((column_cells + 2) * 10)  
  2713 00002707 0F84B5030000            		je .endp
  2714 0000270D 4981FA[00050000]        		cmp r10, board + 108 + ((column_cells + 2) * 10)  
  2715 00002714 0F84A8030000            		je .endp
  2716                                  
  2717 0000271A 4981FA[16070000]        		cmp r10, board + 82 + ((column_cells + 2) * 15)
  2718 00002721 0F849B030000            		je .endp
  2719 00002727 4981FA[17070000]        		cmp r10, board + 83 + ((column_cells + 2) * 15)
  2720 0000272E 0F848E030000            		je .endp
  2721 00002734 4981FA[18070000]        		cmp r10, board + 84 + ((column_cells + 2) * 15)
  2722 0000273B 0F8481030000            		je .endp
  2723 00002741 4981FA[19070000]        		cmp r10, board + 85 + ((column_cells + 2) * 15)
  2724 00002748 0F8474030000            		je .endp
  2725 0000274E 4981FA[1A070000]        		cmp r10, board + 86 + ((column_cells + 2) * 15)
  2726 00002755 0F8467030000            		je .endp
  2727 0000275B 4981FA[1B070000]        		cmp r10, board + 87 + ((column_cells + 2) * 15)
  2728 00002762 0F845A030000            		je .endp
  2729 00002768 4981FA[1C070000]        		cmp r10, board + 88 + ((column_cells + 2) * 15)
  2730 0000276F 0F844D030000            		je .endp
  2731 00002775 4981FA[1D070000]        		cmp r10, board + 89 + ((column_cells + 2) * 15)
  2732 0000277C 0F8440030000            		je .endp
  2733 00002782 4981FA[1E070000]        		cmp r10, board + 90 + ((column_cells + 2) * 15)
  2734 00002789 0F8433030000            		je .endp
  2735 0000278F 4981FA[1F070000]        		cmp r10, board + 91 + ((column_cells + 2) * 15)
  2736 00002796 0F8426030000            		je .endp
  2737 0000279C 4981FA[20070000]        		cmp r10, board + 92 + ((column_cells + 2) * 15)
  2738 000027A3 0F8419030000            		je .endp
  2739 000027A9 4981FA[21070000]        		cmp r10, board + 93 + ((column_cells + 2) * 15)
  2740 000027B0 0F840C030000            		je .endp
  2741 000027B6 4981FA[22070000]        		cmp r10, board + 94 + ((column_cells + 2) * 15)
  2742 000027BD 0F84FF020000            		je .endp
  2743 000027C3 4981FA[23070000]        		cmp r10, board + 95 + ((column_cells + 2) * 15)
  2744 000027CA 0F84F2020000            		je .endp
  2745 000027D0 4981FA[24070000]        		cmp r10, board + 96 + ((column_cells + 2) * 15)
  2746 000027D7 0F84E5020000            		je .endp
  2747 000027DD 4981FA[25070000]        		cmp r10, board + 97 + ((column_cells + 2) * 15)
  2748 000027E4 0F84D8020000            		je .endp
  2749 000027EA 4981FA[26070000]        		cmp r10, board + 98 + ((column_cells + 2) * 15)
  2750 000027F1 0F84CB020000            		je .endp
  2751 000027F7 4981FA[27070000]        		cmp r10, board + 99 + ((column_cells + 2) * 15)
  2752 000027FE 0F84BE020000            		je .endp
  2753                                  		
  2754 00002804 4981FA[F4080000]        		cmp r10, board + ((column_cells + 2) * 20)
  2755 0000280B 0F8FB1020000            		jg .endp
  2756                                  
  2757                                  
  2758 00002811 4981FA[DD020000]        		cmp r10, board + 9 + ((column_cells + 2) * 6)  
  2759 00002818 7E0E                    		jle .fuera_rango_down  ; Si rax <= 81, salir
  2760                                  
  2761 0000281A 4981FA[38030000]        		cmp r10, board + 100 + ((column_cells + 2) * 6) 
  2762 00002821 7D05                    		jge .fuera_rango_down  ; Si rax >= 100, salir
  2763                                  
  2764                                  		
  2765                                  
  2766                                  		; Aquí entra si 81 < r10 < 100
  2767 00002823 E9BBFDFFFF              		jmp .continuar    
  2768                                  
  2769                                  		.fuera_rango_down:
  2770 00002828 4C8B0D(000A0000)        			mov r9, [pallet_size]
  2771 0000282F 41C60220                			mov byte [r10], char_space	; Limpiar último carácter del palet
  2772 00002833 4983C270                			add r10, 112							; Mover una fila abajo (sumar 320)
  2773 00002837 4C8915(380A0000)        			mov [player2_position], r10			; Actualizar posición
  2774                                  
  2775                                  
  2776 0000283E E97F020000              		jmp .endp	
  2777                                  
  2778                                  		.continuar_down:
  2779 00002843 E97A020000              			jmp .endp
  2780                                  
  2781                                  
  2782                                  
  2783                                  		
  2784                                  		
  2785                                  
  2786                                  	.move_left:
  2787                                  
  2788 00002848 4C8B2D(680A0000)        		mov r13, [colj]
  2789 0000284F 4983FD01                		cmp r13, 1
  2790 00002853 0F8469020000            		je .endp
  2791                                  
  2792 00002859 4C8B15(380A0000)        		mov r10, [player2_position]
  2793                                  
  2794                                  		; INICIO DE COMPARACIONES PARA LAS COLISIONES
  2795 00002860 4981FA[F5010000]        		cmp r10, board + 1 + ((column_cells + 2) * 4)
  2796 00002867 0F8455020000            		je .endp 
  2797                                  
  2798 0000286D 4981FA[65020000]        		cmp r10, board + 1 + ((column_cells + 2) * 5)
  2799 00002874 0F8448020000            		je .endp 
  2800                                  
  2801 0000287A 4981FA[D5020000]        		cmp r10, board + 1 + ((column_cells + 2) * 6)
  2802 00002881 0F843B020000            		je .endp 
  2803                                  
  2804 00002887 4981FA[45030000]        		cmp r10, board + 1 + ((column_cells + 2) * 7)
  2805 0000288E 0F842E020000            		je .endp 
  2806                                  
  2807 00002894 4981FA[B5030000]        		cmp r10, board + 1 + ((column_cells + 2) * 8)
  2808 0000289B 0F8421020000            		je .endp 
  2809                                  
  2810 000028A1 4981FA[25040000]        		cmp r10, board + 1 + ((column_cells + 2) * 9)
  2811 000028A8 0F8414020000            		je .endp 
  2812                                  	
  2813 000028AE 4981FA[95040000]        		cmp r10, board + 1 + ((column_cells + 2) * 10)
  2814 000028B5 0F8407020000            		je .endp 
  2815                                  
  2816 000028BB 4981FA[05050000]        		cmp r10, board + 1 + ((column_cells + 2) * 11)
  2817 000028C2 0F84FA010000            		je .endp 
  2818                                  
  2819 000028C8 4981FA[75050000]        		cmp r10, board + 1 + ((column_cells + 2) * 12)
  2820 000028CF 0F84ED010000            		je .endp 
  2821                                  
  2822 000028D5 4981FA[75050000]        		cmp r10, board + 1 + ((column_cells + 2) * 12)
  2823 000028DC 0F84E0010000            		je .endp 
  2824                                  
  2825 000028E2 4981FA[E5050000]        		cmp r10, board + 1 + ((column_cells + 2) * 13)
  2826 000028E9 0F84D3010000            		je .endp 
  2827                                  
  2828 000028EF 4981FA[55060000]        		cmp r10, board + 1 + ((column_cells + 2) * 14)
  2829 000028F6 0F84C6010000            		je .endp 
  2830                                  
  2831 000028FC 4981FA[C5060000]        		cmp r10, board + 1 + ((column_cells + 2) * 15)
  2832 00002903 0F84B9010000            		je .endp 
  2833                                  
  2834 00002909 4981FA[35070000]        		cmp r10, board + 1 + ((column_cells + 2) * 16)
  2835 00002910 0F84AC010000            		je .endp 
  2836                                  
  2837 00002916 4981FA[A5070000]        		cmp r10, board + 1 + ((column_cells + 2) * 17)
  2838 0000291D 0F849F010000            		je .endp 
  2839                                  
  2840 00002923 4981FA[15080000]        		cmp r10, board + 1 + ((column_cells + 2) * 18)
  2841 0000292A 0F8492010000            		je .endp 
  2842                                  
  2843 00002930 4981FA[85080000]        		cmp r10, board + 1 + ((column_cells + 2) * 19)
  2844 00002937 0F8485010000            		je .endp
  2845                                  
  2846 0000293D 4981FA[F5080000]        		cmp r10, board + 1 + ((column_cells + 2) * 20)
  2847 00002944 0F8478010000            		je .endp
  2848                                  
  2849 0000294A 4981FA[A8030000]        		cmp r10, board + 100 + ((column_cells + 2) * 7)
  2850 00002951 0F846B010000            		je .endp
  2851                                  
  2852 00002957 4981FA[18040000]        		cmp r10, board + 100 + ((column_cells + 2) * 8)
  2853 0000295E 0F845E010000            		je .endp
  2854                                  
  2855 00002964 4981FA[76040000]        		cmp r10, board + 82 + ((column_cells + 2) * 9)
  2856 0000296B 0F8451010000            		je .endp
  2857                                  
  2858                                  		;-----COLISION PARTE INTERNA DE LA CURVA-----
  2859 00002971 4981FA[E6040000]        		cmp r10, board + 82 + ((column_cells + 2) * 10)
  2860 00002978 0F8444010000            		je .endp
  2861                                  
  2862 0000297E 4981FA[56050000]        		cmp r10, board + 82 + ((column_cells + 2) * 11)
  2863 00002985 0F8437010000            		je .endp
  2864                                  
  2865 0000298B 4981FA[C6050000]        		cmp r10, board + 82 + ((column_cells + 2) * 12)
  2866 00002992 0F842A010000            		je .endp
  2867                                  
  2868 00002998 4981FA[36060000]        		cmp r10, board + 82 + ((column_cells + 2) * 13)
  2869 0000299F 0F841D010000            		je .endp
  2870                                  
  2871 000029A5 4981FA[A6060000]        		cmp r10, board + 82 + ((column_cells + 2) * 14)
  2872 000029AC 0F8410010000            		je .endp
  2873                                  
  2874 000029B2 4981FA[16070000]        		cmp r10, board + 82 + ((column_cells + 2) * 15)
  2875 000029B9 0F8403010000            		je .endp
  2876                                  		;---FIN COLISION PARTE INTERNA DE LA CURVA----
  2877                                  
  2878 000029BF 4981FA[98070000]        		cmp r10, board + 100 + ((column_cells + 2) * 16)
  2879 000029C6 0F84F6000000            		je .endp
  2880                                  
  2881 000029CC 4981FA[08080000]        		cmp r10, board + 100 + ((column_cells + 2) * 17)
  2882 000029D3 0F84E9000000            		je .endp
  2883                                  
  2884 000029D9 4C8B0D(000A0000)        		mov r9, [pallet_size]
  2885 000029E0 41C60220                		mov byte [r10], char_space	; Limpiar el último carácter del palet
  2886 000029E4 49FFCA                  		dec r10								; Mover la posición del palet una unidad a la izquierda
  2887 000029E7 4C8915(380A0000)        		mov [player2_position], r10			; Actualizar la posición del palet en la memoria
  2888                                  
  2889 000029EE E9CF000000              		jmp .endp	
  2890                                  							 
  2891                                  	.move_right:
  2892                                  
  2893 000029F3 4C8B2D(680A0000)        		mov r13, [colj]
  2894 000029FA 4983FD02                		cmp r13, 2
  2895 000029FE 0F84BE000000            		je .endp
  2896                                  
  2897 00002A04 4C8B15(380A0000)        		mov r10, [player2_position]
  2898                                  
  2899                                  		
  2900 00002A0B 4981FA[60020000]        		cmp r10, board + 108 + ((column_cells + 2) * 4)
  2901 00002A12 0F84AA000000            		je .endp
  2902                                  
  2903 00002A18 4981FA[D0020000]        		cmp r10, board + 108 + ((column_cells + 2) * 5)
  2904 00002A1F 0F849D000000            		je .endp
  2905                                  
  2906 00002A25 4981FA[40030000]        		cmp r10, board + 108 + ((column_cells + 2) * 6)
  2907 00002A2C 0F8490000000            		je .endp
  2908                                  
  2909 00002A32 4981FA[B0030000]        		cmp r10, board + 108 + ((column_cells + 2) * 7)
  2910 00002A39 0F8483000000            		je .endp
  2911                                  
  2912 00002A3F 4981FA[20040000]        		cmp r10, board + 108 + ((column_cells + 2) * 8)
  2913 00002A46 747A                    		je .endp
  2914                                  
  2915 00002A48 4981FA[90040000]        		cmp r10, board + 108 + ((column_cells + 2) * 9)
  2916 00002A4F 7471                    		je .endp
  2917                                  
  2918 00002A51 4981FA[00050000]        		cmp r10, board + 108 + ((column_cells + 2) * 10)
  2919 00002A58 7468                    		je .endp
  2920                                  
  2921 00002A5A 4981FA[59050000]        		cmp r10, board + 85 + ((column_cells + 2) * 11)
  2922 00002A61 745F                    		je .endp
  2923                                  
  2924 00002A63 4981FA[C9050000]        		cmp r10, board + 85 + ((column_cells + 2) * 12)
  2925 00002A6A 7456                    		je .endp
  2926                                  
  2927 00002A6C 4981FA[39060000]        		cmp r10, board + 85 + ((column_cells + 2) * 13)
  2928 00002A73 744D                    		je .endp
  2929                                  
  2930 00002A75 4981FA[C0060000]        		cmp r10, board + 108 + ((column_cells + 2) * 14)
  2931 00002A7C 7444                    		je .endp
  2932                                  
  2933 00002A7E 4981FA[30070000]        		cmp r10, board + 108 + ((column_cells + 2) * 15)
  2934 00002A85 743B                    		je .endp
  2935                                  
  2936 00002A87 4981FA[A0070000]        		cmp r10, board + 108 + ((column_cells + 2) * 16)
  2937 00002A8E 7432                    		je .endp
  2938                                  
  2939 00002A90 4981FA[10080000]        		cmp r10, board + 108 + ((column_cells + 2) * 17)
  2940 00002A97 7429                    		je .endp
  2941                                  
  2942 00002A99 4981FA[80080000]        		cmp r10, board + 108 + ((column_cells + 2) * 18)
  2943 00002AA0 7420                    		je .endp
  2944                                  
  2945 00002AA2 4981FA[F0080000]        		cmp r10, board + 108 + ((column_cells + 2) * 19)
  2946 00002AA9 7417                    		je .endp
  2947                                  
  2948 00002AAB 4981FA[60090000]        		cmp r10, board + 108 + ((column_cells + 2) * 20)
  2949 00002AB2 740E                    		je .endp
  2950                                  
  2951 00002AB4 41C60220                		mov byte [r10], char_space
  2952 00002AB8 49FFC2                  		inc r10
  2953 00002ABB 4C8915(380A0000)        		mov [player2_position], r10
  2954                                   
  2955                                  
  2956                                  
  2957                                  	.endp:
  2958 00002AC2 48C705(680A0000)00-     		mov qword [colj], 0
  2958 00002ACA 000000             
  2959                                  
  2960 00002ACD 58                      	pop rax
  2961 00002ACE 59                      	pop rcx
  2962                                  	 
  2963 00002ACF C3                      	ret
  2964                                  
  2965                                  _start: 
  2966                                      ; Obtener el tiempo inicial
  2967 00002AD0 B8C9000000                  mov rax, sys_time
  2968 00002AD5 4831FF                      xor rdi, rdi  ; Argumento nulo para sys_time
  2969 00002AD8 0F05                        syscall
  2970 00002ADA 488905(10000000)            mov [start_time], rax  ; Guardar el tiempo inicial
  2971 00002AE1 48C705(39000000)03-         mov qword [bot_direction], down_direction  ; Direccion inicial del bot a la derecha
  2971 00002AE9 000000             
  2972 00002AEC C605(41000000)00        	mov byte [bot_first_move], 0  ; Inicializar a 0 (el bot no ha realizado su primer movimiento)
  2973 00002AF3 48C705(31000000)00-     	mov qword [bot_counter], 0   ; Inicializar el contador del bot a 0
  2973 00002AFB 000000             
  2974 00002AFE C605(42000000)00        	mov byte [bot_path_state], 0  ; Inicializar el estado de la ruta
  2975                                  
  2976                                  	print clear, clear_length
   208 00002B05 B801000000          <1>  mov eax, sys_write
   209 00002B0A BF01000000          <1>  mov edi, 1
   210 00002B0F 48BE-               <1>  mov rsi, %1
   210 00002B11 [2000000000000000]  <1>
   211 00002B19 BA07000000          <1>  mov edx, %2
   212 00002B1E 0F05                <1>  syscall
  2977 00002B20 E866030000              	call start_screen
  2978                                  	level_up:
  2979 00002B25 E814D7FFFF              	call canonical_off
  2980 00002B2A E837D7FFFF              	call echo_off
  2981 00002B2F E8F2DFFFFF              	call set_bot_speed
  2982                                  
  2983                                   
  2984                                  	.main_loop:
  2985                                  
  2986                                      ; Verificar el tiempo transcurrido 
  2987 00002B34 B8C9000000                  mov rax, sys_time
  2988 00002B39 4831FF                      xor rdi, rdi
  2989 00002B3C 0F05                        syscall
  2990 00002B3E 488905(18000000)            mov [current_time], rax  ; Guardar el tiempo actual
  2991                                  
  2992                                      ; Calcular el tiempo restante
  2993 00002B45 488B05(10000000)            mov rax, [start_time]
  2994 00002B4C 4883C03C                    add rax, 60  ; Tiempo límite (60 segundos)
  2995 00002B50 482B05(18000000)            sub rax, [current_time]
  2996 00002B57 4883F800                    cmp rax, 0
  2997 00002B5B 0F8ED5020000                jle .time_up  ; Si el tiempo restante es <= 0, salir del juego
  2998                                  
  2999                                      ; Convertir el tiempo restante a texto
  3000 00002B61 4889C3                      mov rbx, rax
  3001 00002B64 B90A000000                  mov rcx, 10
  3002 00002B69 4831D2                      xor rdx, rdx
  3003 00002B6C 48F7F1                      div rcx
  3004 00002B6F 80C230                      add dl, '0'  ; Convertir a carácter ASCII
  3005 00002B72 8815(32000000)              mov [time_buffer+1], dl
  3006 00002B78 0430                        add al, '0'  ; Convertir a carácter ASCII  
  3007 00002B7A 8805(31000000)              mov [time_buffer], al
  3008                                  
  3009                                      ; Mostrar el tiempo restante en pantalla
  3010                                      print clear, clear_length
   208 00002B80 B801000000          <1>  mov eax, sys_write
   209 00002B85 BF01000000          <1>  mov edi, 1
   210 00002B8A 48BE-               <1>  mov rsi, %1
   210 00002B8C [2000000000000000]  <1>
   211 00002B94 BA07000000          <1>  mov edx, %2
   212 00002B99 0F05                <1>  syscall
  3011                                      print time_msg, time_msg_length
   208 00002B9B B801000000          <1>  mov eax, sys_write
   209 00002BA0 BF01000000          <1>  mov edi, 1
   210 00002BA5 48BE-               <1>  mov rsi, %1
   210 00002BA7 [1F00000000000000]  <1>
   211 00002BAF BA12000000          <1>  mov edx, %2
   212 00002BB4 0F05                <1>  syscall
  3012                                      print time_buffer, time_buffer_length
   208 00002BB6 B801000000          <1>  mov eax, sys_write
   209 00002BBB BF01000000          <1>  mov edi, 1
   210 00002BC0 48BE-               <1>  mov rsi, %1
   210 00002BC2 [3100000000000000]  <1>
   211 00002BCA BA03000000          <1>  mov edx, %2
   212 00002BCF 0F05                <1>  syscall
  3013                                  
  3014                                  	; Verificar y mover bot1
  3015 00002BD1 8A05(41000000)              mov al, [bot_first_move]
  3016 00002BD7 3C00                        cmp al, 0
  3017 00002BD9 7513                        jne .use_pattern_direction_bot1  ; Si ya se movió, usar el patrón de direcciones
  3018                                      
  3019                                      ; Primer movimiento de bot1
  3020 00002BDB BF01000000                  mov rdi, right_direction
  3021 00002BE0 E85CDFFFFF                  call move_bot
  3022 00002BE5 C605(41000000)01            mov byte [bot_first_move], 1
  3023 00002BEC EB2D                        jmp .after_bot1_move
  3024                                      
  3025                                      .use_pattern_direction_bot1:
  3026 00002BEE 4C8B3D(180A0000)                mov r15, [bot_position]
  3027 00002BF5 488B3D(39000000)                mov rdi, [bot_direction]
  3028 00002BFC E840DFFFFF                      call move_bot
  3029                                          
  3030 00002C01 4C3B3D(180A0000)                cmp r15, [bot_position]
  3031 00002C08 7511                            jne .after_bot1_move
  3032                                          
  3033 00002C0A E80DF6FFFF                      call change_bot_direction
  3034 00002C0F 488B3D(39000000)                mov rdi, [bot_direction]
  3035 00002C16 E826DFFFFF                      call move_bot
  3036                                      
  3037                                      .after_bot1_move:
  3038                                      
  3039                                      ; Verificar y mover bot2
  3040 00002C1B 8A05(4B000000)              mov al, [bot2_first_move]
  3041 00002C21 3C00                        cmp al, 0
  3042 00002C23 7513                        jne .use_pattern_direction_bot2
  3043                                      
  3044                                      ; Primer movimiento de bot2
  3045 00002C25 BF01000000                  mov rdi, right_direction
  3046 00002C2A E893E6FFFF                  call move_bot2
  3047 00002C2F C605(4B000000)01            mov byte [bot2_first_move], 1
  3048 00002C36 EB2D                        jmp .after_bot2_move
  3049                                      
  3050                                      .use_pattern_direction_bot2:
  3051 00002C38 4C8B3D(200A0000)                mov r15, [bot2_position]
  3052 00002C3F 488B3D(43000000)                mov rdi, [bot2_direction]
  3053 00002C46 E877E6FFFF                      call move_bot2
  3054                                          
  3055 00002C4B 4C3B3D(200A0000)                cmp r15, [bot2_position]
  3056 00002C52 7511                            jne .after_bot2_move
  3057                                          
  3058 00002C54 E827F6FFFF                      call change_bot2_direction
  3059 00002C59 488B3D(43000000)                mov rdi, [bot2_direction]
  3060 00002C60 E85DE6FFFF                      call move_bot2
  3061                                      
  3062                                      .after_bot2_move:
  3063                                      
  3064                                      ; Verificar y mover bot3
  3065 00002C65 8A05(5D000000)              mov al, [bot3_first_move]
  3066 00002C6B 3C00                        cmp al, 0
  3067 00002C6D 7515                        jne .use_pattern_direction_bot3
  3068                                      
  3069                                      ; Primer movimiento de bot3
  3070 00002C6F 48C7C7FFFFFFFF              mov rdi, left_direction  ; Bot3 empieza moviéndose a la izquierda
  3071 00002C76 E8C8EDFFFF                  call move_bot3
  3072 00002C7B C605(5D000000)01            mov byte [bot3_first_move], 1
  3073 00002C82 EB2D                        jmp .after_bot_moves
  3074                                      
  3075                                      .use_pattern_direction_bot3:
  3076 00002C84 4C8B3D(300A0000)                mov r15, [bot3_position]
  3077 00002C8B 488B3D(55000000)                mov rdi, [bot3_direction]
  3078 00002C92 E8ACEDFFFF                      call move_bot3
  3079                                          
  3080 00002C97 4C3B3D(300A0000)                cmp r15, [bot3_position]
  3081 00002C9E 7511                            jne .after_bot_moves
  3082                                          
  3083 00002CA0 E83FF6FFFF                      call change_bot3_direction
  3084 00002CA5 488B3D(55000000)                mov rdi, [bot3_direction]
  3085 00002CAC E892EDFFFF                      call move_bot3
  3086                                  	.after_bot_moves:
  3087                                  		; Continuar con el resto del bucle principal
  3088 00002CB1 E83AD6FFFF              		call print_pallet
  3089 00002CB6 E8BDDDFFFF              		call print_bot1
  3090 00002CBB E8C4DDFFFF              		call print_bot2
  3091 00002CC0 E8CBDDFFFF              		call print_bot3
  3092 00002CC5 E87EF6FFFF              		call print_player2
  3093                                  		print board, board_size
   208 00002CCA B801000000          <1>  mov eax, sys_write
   209 00002CCF BF01000000          <1>  mov edi, 1
   210 00002CD4 48BE-               <1>  mov rsi, %1
   210 00002CD6 [3400000000000000]  <1>
   211 00002CDE BAA0090000          <1>  mov edx, %2
   212 00002CE3 0F05                <1>  syscall
  3094                                  
  3095                                  		; Leer entrada del usuario
  3096 00002CE5 E818000000              		call .read_more
  3097                                  
  3098                                  		; Pausar el programa por un tiempo
  3099                                  		sleeptime
   225 00002CEA B823000000          <1>  mov eax, sys_nanosleep
   226 00002CEF 48BF-               <1>  mov rdi, timespec
   226 00002CF1 [0000000000000000]  <1>
   227 00002CF9 31F6                <1>  xor esi, esi
   228 00002CFB 0F05                <1>  syscall
  3100                                  
  3101                                  		; Volver al inicio del bucle
  3102 00002CFD E932FEFFFF              		jmp .main_loop
  3103                                  	
  3104                                  	.read_more:
  3105                                  		getchar  ; Leer un carácter de la entrada de teclado
   217 00002D02 B800000000          <1>  mov rax, sys_read
   218 00002D07 BF00000000          <1>  mov rdi, STDIN_FILENO
   219 00002D0C 48BE-               <1>  mov rsi, input_char
   219 00002D0E [0500000000000000]  <1>
   220 00002D16 BA01000000          <1>  mov rdx, 1
   221 00002D1B 0F05                <1>  syscall
  3106                                  
  3107 00002D1D 4883F801                		cmp rax, 1
  3108 00002D21 0F85F7000000            		jne .done
  3109                                  
  3110 00002D27 8A05(05000000)          		mov al, [input_char]
  3111                                  
  3112                                  		; Movimiento del Jugador 1
  3113 00002D2D 3C77                    		cmp al, 'w'
  3114 00002D2F 747C                    		je .move_player1_up
  3115 00002D31 3C73                    		cmp al, 's'
  3116 00002D33 0F8480000000            		je .move_player1_down
  3117 00002D39 3C61                    		cmp al, 'a'
  3118 00002D3B 0F8484000000            		je .move_player1_left
  3119 00002D41 3C64                    		cmp al, 'd'
  3120 00002D43 0F848A000000            		je .move_player1_right
  3121                                  
  3122                                  		; Movimiento del Jugador 2 (Flechas)
  3123 00002D49 3C1B                    		cmp al, 0x1B          ; Verificar si es la tecla Escape
  3124 00002D4B 0F85C0000000            		jne .go_out
  3125                                  		getchar               ; Leer el siguiente carácter
   217 00002D51 B800000000          <1>  mov rax, sys_read
   218 00002D56 BF00000000          <1>  mov rdi, STDIN_FILENO
   219 00002D5B 48BE-               <1>  mov rsi, input_char
   219 00002D5D [0500000000000000]  <1>
   220 00002D65 BA01000000          <1>  mov rdx, 1
   221 00002D6A 0F05                <1>  syscall
  3126 00002D6C 8A05(05000000)          		mov al, [input_char]  ; Almacenar el carácter leído en al
  3127 00002D72 3C5B                    		cmp al, '['           ; Verificar si es '['
  3128 00002D74 0F8597000000            		jne .go_out
  3129                                  		getchar               ; Leer el siguiente carácter
   217 00002D7A B800000000          <1>  mov rax, sys_read
   218 00002D7F BF00000000          <1>  mov rdi, STDIN_FILENO
   219 00002D84 48BE-               <1>  mov rsi, input_char
   219 00002D86 [0500000000000000]  <1>
   220 00002D8E BA01000000          <1>  mov rdx, 1
   221 00002D93 0F05                <1>  syscall
  3130 00002D95 8A05(05000000)          		mov al, [input_char]  ; Almacenar el carácter leído en al
  3131 00002D9B 3C41                    		cmp al, 'A'           ; Flecha hacia arriba
  3132 00002D9D 7440                    		je .move_player2_up
  3133 00002D9F 3C42                    		cmp al, 'B'           ; Flecha hacia abajo
  3134 00002DA1 7448                    		je .move_player2_down
  3135 00002DA3 3C43                    		cmp al, 'C'           ; Flecha hacia la derecha
  3136 00002DA5 745E                    		je .move_player2_right
  3137 00002DA7 3C44                    		cmp al, 'D'           ; Flecha hacia la izquierda
  3138 00002DA9 744C                    		je .move_player2_left
  3139                                  
  3140 00002DAB EB64                    		jmp .go_out
  3141                                  
  3142                                      .move_player1_up:
  3143 00002DAD BF02000000                      mov rdi, up_direction
  3144 00002DB2 E845D5FFFF                      call move_pallet
  3145 00002DB7 EB65                            jmp .done
  3146                                  
  3147                                      .move_player1_down:
  3148 00002DB9 BF03000000                      mov rdi, down_direction
  3149 00002DBE E839D5FFFF                      call move_pallet
  3150 00002DC3 EB59                            jmp .done
  3151                                  
  3152                                      .move_player1_left:
  3153 00002DC5 48C7C7FFFFFFFF                  mov rdi, left_direction
  3154 00002DCC E82BD5FFFF                      call move_pallet
  3155 00002DD1 EB4B                            jmp .done
  3156                                  
  3157                                      .move_player1_right:
  3158 00002DD3 BF01000000                      mov rdi, right_direction
  3159 00002DD8 E81FD5FFFF                      call move_pallet
  3160 00002DDD EB3F                            jmp .done
  3161                                  
  3162                                      .move_player2_up:
  3163 00002DDF BF02000000                      mov rdi, up_direction
  3164 00002DE4 E86BF5FFFF                      call move_player2
  3165 00002DE9 EB33                            jmp .done
  3166                                  
  3167                                      .move_player2_down:
  3168 00002DEB BF03000000                      mov rdi, down_direction
  3169 00002DF0 E85FF5FFFF                      call move_player2
  3170 00002DF5 EB27                            jmp .done
  3171                                  
  3172                                      .move_player2_left:
  3173 00002DF7 48C7C7FFFFFFFF                  mov rdi, left_direction
  3174 00002DFE E851F5FFFF                      call move_player2
  3175 00002E03 EB19                            jmp .done
  3176                                  
  3177                                      .move_player2_right:
  3178 00002E05 BF01000000                      mov rdi, right_direction
  3179 00002E0A E845F5FFFF                      call move_player2
  3180 00002E0F EB0D                            jmp .done
  3181                                  
  3182                                      .go_out:
  3183 00002E11 3C71                            cmp al, 'q'
  3184 00002E13 0F84CE000000                    je exit
  3185                                  
  3186 00002E19 E9E4FEFFFF                      jmp .read_more
  3187                                  
  3188                                      .done:
  3189                                          sleeptime
   225 00002E1E B823000000          <1>  mov eax, sys_nanosleep
   226 00002E23 48BF-               <1>  mov rdi, timespec
   226 00002E25 [0000000000000000]  <1>
   227 00002E2D 31F6                <1>  xor esi, esi
   228 00002E2F 0F05                <1>  syscall
  3190 00002E31 E9FEFCFFFF                      jmp .main_loop
  3191                                  
  3192                                  	.time_up:
  3193                                  		; Mostrar mensaje de fin de juego
  3194                                  		print clear, clear_length
   208 00002E36 B801000000          <1>  mov eax, sys_write
   209 00002E3B BF01000000          <1>  mov edi, 1
   210 00002E40 48BE-               <1>  mov rsi, %1
   210 00002E42 [2000000000000000]  <1>
   211 00002E4A BA07000000          <1>  mov edx, %2
   212 00002E4F 0F05                <1>  syscall
  3195                                  		print game_over_msg, game_over_msg_length
   208 00002E51 B801000000          <1>  mov eax, sys_write
   209 00002E56 BF01000000          <1>  mov edi, 1
   210 00002E5B 48BE-               <1>  mov rsi, %1
   210 00002E5D [2602000000000000]  <1>
   211 00002E65 BA18000000          <1>  mov edx, %2
   212 00002E6A 0F05                <1>  syscall
  3196 00002E6C EB79                    		jmp exit
  3197                                  
  3198                                  		print clear, clear_length
   208 00002E6E B801000000          <1>  mov eax, sys_write
   209 00002E73 BF01000000          <1>  mov edi, 1
   210 00002E78 48BE-               <1>  mov rsi, %1
   210 00002E7A [2000000000000000]  <1>
   211 00002E82 BA07000000          <1>  mov edx, %2
   212 00002E87 0F05                <1>  syscall
  3199                                  		
  3200 00002E89 EB5C                    		jmp exit
  3201                                  
  3202                                  
  3203                                  start_screen: 
  3204                                  
  3205 00002E8B 50                      	push rax
  3206 00002E8C 51                      	push rcx
  3207 00002E8D 52                      	push rdx
  3208 00002E8E 57                      	push rdi
  3209 00002E8F 56                      	push rsi
  3210                                  	
  3211                                  	print msg1, msg1_length	
   208 00002E90 B801000000          <1>  mov eax, sys_write
   209 00002E95 BF01000000          <1>  mov edi, 1
   210 00002E9A 48BE-               <1>  mov rsi, %1
   210 00002E9C [3800000000000000]  <1>
   211 00002EA4 BAEE010000          <1>  mov edx, %2
   212 00002EA9 0F05                <1>  syscall
  3212                                  	getchar
   217 00002EAB B800000000          <1>  mov rax, sys_read
   218 00002EB0 BF00000000          <1>  mov rdi, STDIN_FILENO
   219 00002EB5 48BE-               <1>  mov rsi, input_char
   219 00002EB7 [0500000000000000]  <1>
   220 00002EBF BA01000000          <1>  mov rdx, 1
   221 00002EC4 0F05                <1>  syscall
  3213                                  	print clear, clear_length
   208 00002EC6 B801000000          <1>  mov eax, sys_write
   209 00002ECB BF01000000          <1>  mov edi, 1
   210 00002ED0 48BE-               <1>  mov rsi, %1
   210 00002ED2 [2000000000000000]  <1>
   211 00002EDA BA07000000          <1>  mov edx, %2
   212 00002EDF 0F05                <1>  syscall
  3214                                  
  3215 00002EE1 58                      	pop rax
  3216 00002EE2 59                      	pop rcx
  3217 00002EE3 5A                      	pop rdx
  3218 00002EE4 5F                      	pop rdi
  3219 00002EE5 5E                      	pop rsi
  3220 00002EE6 C3                      	ret
  3221                                  
  3222                                  
  3223                                  
  3224                                  exit: 
  3225 00002EE7 E894D3FFFF              	call canonical_on
  3226 00002EEC B83C000000              	mov    rax, 60
  3227 00002EF1 BF00000000                  mov    rdi, 0
  3228 00002EF6 0F05                        syscall
